Asia/Bangkok,Open,High,Low,Close,Volume
2026-07-24T00:00:00+07:00,4051.395,4051.645,4050.365,4051.155,44400
2026-07-24T00:01:00+07:00,4051.165,4054.465,4051.055,4053.775,42900
2026-07-24T00:02:00+07:00,4053.755,4054.015,4050.615,4052.345,46020
2026-07-24T00:03:00+07:00,4052.355,4053.515,4052.355,4053.045,39240
2026-07-24T00:04:00+07:00,4053.065,4053.065,4051.055,4051.405,36720
2026-07-24T00:05:00+07:00,4051.435,4052.975,4051.305,4052.645,34440
2026-07-24T00:06:00+07:00,4052.625,4053.025,4050.285,4050.435,53640
2026-07-24T00:07:00+07:00,4050.435,4050.435,4048.805,4048.865,38100
2026-07-24T00:08:00+07:00,4048.865,4049.555,4047.665,4048.095,42000
2026-07-24T00:09:00+07:00,4048.095,4048.285,4046.725,4047.835,40620
2026-07-24T00:10:00+07:00,4047.885,4049.265,4047.385,4048.675,39660
2026-07-24T00:11:00+07:00,4048.595,4048.735,4046.945,4047.665,37860
2026-07-24T00:12:00+07:00,4047.565,4047.955,4046.935,4047.265,40080
2026-07-24T00:13:00+07:00,4047.345,4048.415,4047.255,4047.695,35220
2026-07-24T00:14:00+07:00,4047.665,4048.425,4046.685,4047.005,34020
2026-07-24T00:15:00+07:00,4047.185,4048.675,4046.505,4048.675,37680
2026-07-24T00:16:00+07:00,4048.715,4049.515,4048.025,4048.975,36360
2026-07-24T00:17:00+07:00,4048.995,4049.385,4046.605,4046.905,41970
2026-07-24T00:18:00+07:00,4047.125,4047.955,4046.875,4047.325,38040
2026-07-24T00:19:00+07:00,4047.325,4047.545,4045.915,4046.415,35250
2026-07-24T00:20:00+07:00,4046.375,4048.605,4046.375,4048.605,45360
2026-07-24T00:21:00+07:00,4048.655,4050.385,4048.655,4048.925,45060
2026-07-24T00:22:00+07:00,4048.935,4049.155,4047.825,4048.385,34800
2026-07-24T00:23:00+07:00,4048.425,4049.345,4047.505,4049.135,35100
2026-07-24T00:24:00+07:00,4049.165,4049.715,4047.795,4048.605,43920
2026-07-24T00:25:00+07:00,4048.585,4049.635,4048.115,4048.155,41640
2026-07-24T00:26:00+07:00,4048.155,4048.625,4047.345,4047.795,34800
2026-07-24T00:27:00+07:00,4047.685,4048.405,4046.355,4047.505,41160
2026-07-24T00:28:00+07:00,4047.515,4048.725,4046.985,4048.125,35940
2026-07-24T00:29:00+07:00,4048.125,4049.015,4046.685,4047.025,65790
2026-07-24T00:30:00+07:00,4047.065,4047.925,4046.515,4047.925,44760
2026-07-24T00:31:00+07:00,4047.905,4049.015,4046.945,4047.735,45480
2026-07-24T00:32:00+07:00,4047.755,4048.615,4047.415,4047.555,36000
2026-07-24T00:33:00+07:00,4047.605,4048.535,4047.405,4047.405,33300
2026-07-24T00:34:00+07:00,4047.425,4048.255,4047.295,4047.305,30840
2026-07-24T00:35:00+07:00,4047.265,4047.375,4044.375,4044.815,37770
2026-07-24T00:36:00+07:00,4044.815,4045.625,4044.475,4044.675,38820
2026-07-24T00:37:00+07:00,4044.675,4045.705,4044.645,4045.025,26640
2026-07-24T00:38:00+07:00,4045.095,4046.095,4044.785,4044.955,34380
2026-07-24T00:39:00+07:00,4045.005,4045.645,4043.945,4044.575,33840
2026-07-24T00:40:00+07:00,4044.605,4045.305,4041.675,4042.375,45360
2026-07-24T00:41:00+07:00,4042.395,4044.695,4042.295,4044.635,37920
2026-07-24T00:42:00+07:00,4044.665,4045.135,4043.675,4044.115,29040
2026-07-24T00:43:00+07:00,4044.145,4045.235,4044.125,4044.355,33960
2026-07-24T00:44:00+07:00,4044.265,4044.355,4042.555,4042.705,30300
2026-07-24T00:45:00+07:00,4042.685,4044.205,4041.925,4043.515,42180
2026-07-24T00:46:00+07:00,4043.535,4043.925,4042.875,4043.545,32940
2026-07-24T00:47:00+07:00,4043.545,4044.075,4043.305,4043.435,29760
2026-07-24T00:48:00+07:00,4043.435,4043.705,4042.495,4043.405,26940
2026-07-24T00:49:00+07:00,4043.325,4044.135,4043.135,4044.035,25740
2026-07-24T00:50:00+07:00,4044.015,4044.135,4043.055,4043.825,29760
2026-07-24T00:51:00+07:00,4043.715,4043.845,4043.025,4043.415,32700
2026-07-24T00:52:00+07:00,4043.415,4043.485,4042.325,4042.635,34560
2026-07-24T00:53:00+07:00,4042.685,4042.995,4041.765,4042.665,29460
2026-07-24T00:54:00+07:00,4042.705,4043.455,4042.315,4042.805,28860
2026-07-24T00:55:00+07:00,4042.835,4043.325,4042.635,4043.245,31620
2026-07-24T00:56:00+07:00,4043.255,4043.255,4042.115,4042.275,30840
2026-07-24T00:57:00+07:00,4042.295,4043.095,4041.655,4042.145,38340
2026-07-24T00:58:00+07:00,4042.175,4042.805,4042.135,4042.585,22860
2026-07-24T00:59:00+07:00,4042.585,4042.595,4041.475,4041.625,31560
2026-07-24T01:00:00+07:00,4041.585,4042.895,4040.235,4042.875,50400
2026-07-24T01:01:00+07:00,4042.785,4042.945,4041.535,4042.085,38520
2026-07-24T01:02:00+07:00,4041.995,4042.705,4041.695,4042.655,49380
2026-07-24T01:03:00+07:00,4042.745,4043.225,4042.465,4042.895,40800
2026-07-24T01:04:00+07:00,4042.965,4043.115,4041.495,4041.595,31020
2026-07-24T01:05:00+07:00,4041.605,4042.395,4040.525,4041.825,42120
2026-07-24T01:06:00+07:00,4041.835,4043.845,4041.615,4043.285,43380
2026-07-24T01:07:00+07:00,4043.225,4043.255,4042.435,4042.815,27780
2026-07-24T01:08:00+07:00,4042.815,4043.995,4042.615,4043.655,29220
2026-07-24T01:09:00+07:00,4043.635,4044.065,4043.005,4043.115,27900
2026-07-24T01:10:00+07:00,4043.045,4043.705,4042.495,4042.935,40800
2026-07-24T01:11:00+07:00,4042.885,4043.965,4042.055,4042.975,39300
2026-07-24T01:12:00+07:00,4042.905,4043.555,4042.765,4043.455,25200
2026-07-24T01:13:00+07:00,4043.515,4043.515,4042.075,4042.155,40140
2026-07-24T01:14:00+07:00,4042.145,4043.255,4041.215,4041.665,44700
2026-07-24T01:15:00+07:00,4041.685,4042.055,4040.385,4041.895,44940
2026-07-24T01:16:00+07:00,4041.895,4043.115,4041.705,4043.045,43500
2026-07-24T01:17:00+07:00,4043.395,4043.765,4042.435,4042.895,40440
2026-07-24T01:18:00+07:00,4042.805,4044.575,4042.405,4043.835,38700
2026-07-24T01:19:00+07:00,4043.775,4043.955,4042.685,4042.865,29460
2026-07-24T01:20:00+07:00,4042.855,4043.435,4042.445,4042.725,30720
2026-07-24T01:21:00+07:00,4042.725,4043.115,4041.235,4041.335,40140
2026-07-24T01:22:00+07:00,4041.095,4041.745,4040.565,4040.825,37980
2026-07-24T01:23:00+07:00,4040.755,4041.775,4040.475,4041.525,34980
2026-07-24T01:24:00+07:00,4041.525,4042.425,4041.465,4041.855,31440
2026-07-24T01:25:00+07:00,4041.825,4042.135,4040.905,4041.775,40020
2026-07-24T01:26:00+07:00,4041.805,4043.405,4041.805,4042.895,43560
2026-07-24T01:27:00+07:00,4042.945,4044.935,4042.835,4043.535,45240
2026-07-24T01:28:00+07:00,4043.535,4045.005,4043.445,4044.915,51690
2026-07-24T01:29:00+07:00,4044.825,4044.995,4044.085,4044.365,48960
2026-07-24T01:30:00+07:00,4044.315,4046.835,4044.315,4046.795,48420
2026-07-24T01:31:00+07:00,4046.805,4048.055,4046.305,4046.345,49980
2026-07-24T01:32:00+07:00,4046.325,4046.575,4045.385,4045.485,40290
2026-07-24T01:33:00+07:00,4045.185,4046.125,4045.135,4045.675,33090
2026-07-24T01:34:00+07:00,4045.645,4046.005,4044.555,4045.285,30090
2026-07-24T01:35:00+07:00,4045.315,4045.515,4044.215,4045.485,38700
2026-07-24T01:36:00+07:00,4045.495,4046.445,4045.485,4046.275,34650
2026-07-24T01:37:00+07:00,4046.295,4046.685,4044.955,4045.755,36660
2026-07-24T01:38:00+07:00,4045.805,4045.975,4045.035,4045.055,32970
2026-07-24T01:39:00+07:00,4045.075,4045.665,4044.295,4045.165,33000
2026-07-24T01:40:00+07:00,4045.115,4045.435,4044.765,4045.275,33000
2026-07-24T01:41:00+07:00,4045.345,4045.875,4044.895,4045.725,33720
2026-07-24T01:42:00+07:00,4045.765,4046.085,4045.435,4045.695,29610
2026-07-24T01:43:00+07:00,4045.645,4046.605,4045.525,4046.055,30000
2026-07-24T01:44:00+07:00,4046.085,4046.495,4044.965,4046.355,32070
2026-07-24T01:45:00+07:00,4046.355,4047.145,4046.285,4046.655,42900
2026-07-24T01:46:00+07:00,4046.615,4047.155,4046.445,4046.905,31320
2026-07-24T01:47:00+07:00,4046.935,4048.065,4046.735,4047.865,38460
2026-07-24T01:48:00+07:00,4047.895,4048.305,4047.315,4047.475,34620
2026-07-24T01:49:00+07:00,4047.495,4047.965,4046.795,4047.155,35040
2026-07-24T01:50:00+07:00,4047.135,4047.275,4046.205,4046.645,37560
2026-07-24T01:51:00+07:00,4046.565,4046.925,4045.895,4046.685,31680
2026-07-24T01:52:00+07:00,4046.595,4047.045,4046.465,4046.805,34200
2026-07-24T01:53:00+07:00,4046.835,4046.885,4045.995,4046.095,37860
2026-07-24T01:54:00+07:00,4046.025,4046.435,4045.555,4046.055,37740
2026-07-24T01:55:00+07:00,4046.055,4046.755,4045.725,4046.685,26850
2026-07-24T01:56:00+07:00,4046.785,4046.855,4045.765,4046.045,13860
2026-07-24T01:57:00+07:00,4046.075,4046.335,4044.835,4045.565,11850
2026-07-24T01:58:00+07:00,4045.585,4045.585,4044.055,4045.355,18600
2026-07-24T01:59:00+07:00,4045.295,4046.255,4044.885,4046.115,21960
2026-07-24T02:00:00+07:00,4046.095,4048.525,4046.015,4047.565,38970
2026-07-24T02:01:00+07:00,4047.505,4048.175,4047.025,4047.355,18090
2026-07-24T02:02:00+07:00,4047.415,4047.755,4046.345,4047.205,12750
2026-07-24T02:03:00+07:00,4047.205,4047.545,4046.355,4046.405,14580
2026-07-24T02:04:00+07:00,4046.325,4046.475,4044.835,4045.045,29280
2026-07-24T02:05:00+07:00,4045.045,4045.615,4044.705,4045.475,29190
2026-07-24T02:06:00+07:00,4045.475,4046.075,4045.375,4045.855,19230
2026-07-24T02:07:00+07:00,4045.865,4045.985,4045.065,4045.685,14940
2026-07-24T02:08:00+07:00,4045.705,4045.815,4044.515,4044.935,34050
2026-07-24T02:09:00+07:00,4045.365,4045.435,4043.315,4043.315,35430
2026-07-24T02:10:00+07:00,4043.485,4043.725,4042.795,4043.515,37230
2026-07-24T02:11:00+07:00,4043.515,4044.235,4043.445,4044.195,22080
2026-07-24T02:12:00+07:00,4044.135,4044.305,4043.085,4043.455,18420
2026-07-24T02:13:00+07:00,4043.435,4043.465,4042.855,4043.085,21660
2026-07-24T02:14:00+07:00,4043.095,4043.405,4042.765,4043.015,26940
2026-07-24T02:15:00+07:00,4043.015,4044.905,4042.875,4044.445,49800
2026-07-24T02:16:00+07:00,4044.475,4045.665,4044.445,4044.755,42480
2026-07-24T02:17:00+07:00,4044.795,4045.275,4044.595,4044.985,38280
2026-07-24T02:18:00+07:00,4045.025,4045.135,4044.475,4044.735,34380
2026-07-24T02:19:00+07:00,4044.775,4045.305,4044.735,4044.815,35760
2026-07-24T02:20:00+07:00,4044.815,4045.935,4044.775,4045.725,44520
2026-07-24T02:21:00+07:00,4045.725,4046.835,4045.725,4046.675,39480
2026-07-24T02:22:00+07:00,4046.735,4047.315,4045.985,4046.355,43800
2026-07-24T02:23:00+07:00,4046.355,4047.105,4045.965,4046.845,30720
2026-07-24T02:24:00+07:00,4046.845,4048.215,4046.845,4047.835,21780
2026-07-24T02:25:00+07:00,4047.835,4048.905,4047.785,4047.865,36000
2026-07-24T02:26:00+07:00,4047.845,4047.995,4046.985,4047.065,20820
2026-07-24T02:27:00+07:00,4047.035,4048.155,4046.915,4047.865,20640
2026-07-24T02:28:00+07:00,4047.885,4048.515,4046.715,4046.895,38580
2026-07-24T02:29:00+07:00,4046.895,4048.135,4046.835,4047.965,20460
2026-07-24T02:30:00+07:00,4047.965,4050.875,4047.825,4049.505,53520
2026-07-24T02:31:00+07:00,4049.505,4049.615,4047.325,4047.325,43440
2026-07-24T02:32:00+07:00,4047.355,4047.635,4046.765,4047.465,37380
2026-07-24T02:33:00+07:00,4047.375,4047.525,4045.485,4046.385,34260
2026-07-24T02:34:00+07:00,4046.305,4047.425,4046.305,4047.165,30900
2026-07-24T02:35:00+07:00,4047.165,4047.865,4046.685,4046.715,43620
2026-07-24T02:36:00+07:00,4046.715,4047.395,4046.605,4047.175,31320
2026-07-24T02:37:00+07:00,4047.275,4047.795,4047.185,4047.285,34500
2026-07-24T02:38:00+07:00,4047.265,4047.575,4046.925,4046.925,30120
2026-07-24T02:39:00+07:00,4046.945,4048.215,4046.915,4047.655,24900
2026-07-24T02:40:00+07:00,4047.655,4047.815,4046.735,4046.965,34740
2026-07-24T02:41:00+07:00,4046.965,4047.985,4046.925,4047.445,37380
2026-07-24T02:42:00+07:00,4047.475,4047.635,4046.605,4046.755,43740
2026-07-24T02:43:00+07:00,4046.755,4046.945,4046.245,4046.335,31740
2026-07-24T02:44:00+07:00,4046.315,4046.495,4045.595,4045.625,36780
2026-07-24T02:45:00+07:00,4045.695,4046.105,4045.185,4045.825,42480
2026-07-24T02:46:00+07:00,4045.755,4045.875,4044.965,4045.235,31620
2026-07-24T02:47:00+07:00,4045.235,4046.505,4044.665,4046.485,37260
2026-07-24T02:48:00+07:00,4046.545,4046.705,4045.245,4045.315,26640
2026-07-24T02:49:00+07:00,4045.275,4046.125,4045.185,4045.875,27360
2026-07-24T02:50:00+07:00,4046.035,4047.835,4046.035,4047.5,49090
2026-07-24T02:51:00+07:00,4047.5,4049.635,4046.855,4049.545,51870
2026-07-24T02:52:00+07:00,4049.545,4050.055,4048.645,4049.795,49440
2026-07-24T02:53:00+07:00,4049.855,4049.995,4048.945,4049.125,37920
2026-07-24T02:54:00+07:00,4049.135,4050.175,4049.085,4050.085,53700
2026-07-24T02:55:00+07:00,4050.375,4050.745,4049.595,4049.765,44220
2026-07-24T02:56:00+07:00,4049.745,4050.275,4049.315,4049.785,25140
2026-07-24T02:57:00+07:00,4049.775,4050.715,4049.475,4050.635,28560
2026-07-24T02:58:00+07:00,4050.615,4051.085,4049.615,4050.095,53040
2026-07-24T02:59:00+07:00,4050.115,4050.845,4049.215,4049.475,56040
2026-07-24T03:00:00+07:00,4049.655,4050.885,4049.435,4050.125,50580
2026-07-24T03:01:00+07:00,4050.175,4050.195,4048.905,4049.005,33120
2026-07-24T03:02:00+07:00,4049.055,4050.045,4049.045,4049.255,31740
2026-07-24T03:03:00+07:00,4049.295,4049.815,4048.915,4048.965,19920
2026-07-24T03:04:00+07:00,4048.975,4049.135,4048.545,4048.695,18240
2026-07-24T03:05:00+07:00,4048.725,4049.015,4048.235,4048.275,16800
2026-07-24T03:06:00+07:00,4048.305,4049.005,4048.075,4048.935,17340
2026-07-24T03:07:00+07:00,4048.915,4048.945,4048.135,4048.925,9480
2026-07-24T03:08:00+07:00,4048.925,4049.325,4048.645,4049.225,6000
2026-07-24T03:09:00+07:00,4049.335,4049.925,4048.105,4048.605,13440
2026-07-24T03:10:00+07:00,4048.605,4049.075,4048.395,4048.615,9360
2026-07-24T03:11:00+07:00,4048.655,4049.275,4048.595,4049.075,9090
2026-07-24T03:12:00+07:00,4049.045,4049.585,4048.585,4048.695,13230
2026-07-24T03:13:00+07:00,4048.645,4049.935,4048.385,4049.665,17880
2026-07-24T03:14:00+07:00,4049.645,4049.845,4049.275,4049.345,15300
2026-07-24T03:15:00+07:00,4049.315,4049.555,4048.795,4048.935,12600
2026-07-24T03:16:00+07:00,4048.875,4049.405,4048.245,4048.355,15630
2026-07-24T03:17:00+07:00,4048.415,4048.675,4048.175,4048.475,10020
2026-07-24T03:18:00+07:00,4048.435,4048.445,4048.135,4048.145,6900
2026-07-24T03:19:00+07:00,4048.105,4048.625,4047.765,4048.485,14220
2026-07-24T03:20:00+07:00,4048.665,4048.795,4047.565,4047.565,16860
2026-07-24T03:21:00+07:00,4047.585,4048.375,4047.175,4048.145,10800
2026-07-24T03:22:00+07:00,4048.095,4048.945,4048.095,4048.785,12060
2026-07-24T03:23:00+07:00,4048.815,4048.815,4048.445,4048.685,5400
2026-07-24T03:24:00+07:00,4048.455,4048.925,4048.455,4048.865,13560
2026-07-24T03:25:00+07:00,4048.895,4049.115,4048.785,4048.955,7980
2026-07-24T03:26:00+07:00,4048.875,4048.995,4048.595,4048.855,11460
2026-07-24T03:27:00+07:00,4048.925,4049.925,4048.915,4049.865,9480
2026-07-24T03:28:00+07:00,4049.835,4050.445,4049.735,4050.055,14820
2026-07-24T03:29:00+07:00,4050.035,4050.685,4049.605,4050.025,18630
2026-07-24T03:30:00+07:00,4050.055,4050.445,4048.955,4048.985,16140
2026-07-24T03:31:00+07:00,4048.915,4049.685,4048.915,4049.595,11700
2026-07-24T03:32:00+07:00,4049.625,4050.005,4049.515,4049.605,12000
2026-07-24T03:33:00+07:00,4049.655,4049.715,4049.025,4049.025,12240
2026-07-24T03:34:00+07:00,4049.025,4049.835,4049.025,4049.675,11220
2026-07-24T03:35:00+07:00,4049.815,4049.955,4049.635,4049.785,7380
2026-07-24T03:36:00+07:00,4049.885,4049.895,4049.735,4049.845,9000
2026-07-24T03:37:00+07:00,4049.805,4050.105,4049.745,4049.915,8580
2026-07-24T03:38:00+07:00,4049.925,4050.535,4049.755,4050.095,14580
2026-07-24T03:39:00+07:00,4050.145,4050.245,4049.695,4049.905,12780
2026-07-24T03:40:00+07:00,4049.855,4049.885,4049.225,4049.635,15270
2026-07-24T03:41:00+07:00,4049.665,4049.765,4049.085,4049.185,9360
2026-07-24T03:42:00+07:00,4049.225,4049.295,4048.595,4048.905,7440
2026-07-24T03:43:00+07:00,4048.875,4049.275,4048.815,4049.255,9660
2026-07-24T03:44:00+07:00,4049.225,4049.795,4049.155,4049.695,11400
2026-07-24T03:45:00+07:00,4049.515,4049.795,4048.825,4048.945,12720
2026-07-24T03:46:00+07:00,4048.925,4049.025,4048.495,4048.995,8010
2026-07-24T03:47:00+07:00,4048.955,4049.225,4048.845,4048.915,7500
2026-07-24T03:48:00+07:00,4048.935,4049.865,4048.935,4049.425,7170
2026-07-24T03:49:00+07:00,4049.295,4049.675,4049.235,4049.265,8850
2026-07-24T03:50:00+07:00,4049.345,4049.455,4048.855,4048.855,8280
2026-07-24T03:51:00+07:00,4048.885,4049.285,4048.665,4048.785,9450
2026-07-24T03:52:00+07:00,4048.745,4048.895,4047.285,4047.365,11130
2026-07-24T03:53:00+07:00,4047.465,4047.785,4047.265,4047.615,5430
2026-07-24T03:54:00+07:00,4047.665,4048.395,4047.565,4048.015,5760
2026-07-24T03:55:00+07:00,4047.975,4049.455,4047.975,4049.275,10260
2026-07-24T03:56:00+07:00,4049.215,4049.215,4048.505,4048.805,3840
2026-07-24T03:57:00+07:00,4048.855,4049.235,4048.685,4048.845,5970
2026-07-24T03:58:00+07:00,4048.905,4049.435,4048.795,4049.185,12150
2026-07-24T03:59:00+07:00,4049.225,4049.905,4049.125,4049.375,12000
2026-07-24T05:00:00+07:00,4049.365,4049.965,4048.035,4048.855,23970
2026-07-24T05:01:00+07:00,4048.355,4049.575,4048.225,4049.335,9090
2026-07-24T05:02:00+07:00,4049.405,4049.505,4049.175,4049.415,5670
2026-07-24T05:03:00+07:00,4049.345,4049.545,4048.605,4048.955,5400
2026-07-24T05:04:00+07:00,4049.095,4049.445,4048.415,4048.895,6120
2026-07-24T05:05:00+07:00,4049.045,4049.235,4048.725,4049.115,2790
2026-07-24T05:06:00+07:00,4049.055,4049.415,4048.555,4048.885,4410
2026-07-24T05:07:00+07:00,4049.235,4049.895,4049.105,4049.855,4320
2026-07-24T05:08:00+07:00,4049.795,4050.275,4048.965,4048.985,4950
2026-07-24T05:09:00+07:00,4049.055,4049.185,4048.335,4048.895,4050
2026-07-24T05:10:00+07:00,4048.915,4049.185,4048.865,4048.975,2610
2026-07-24T05:11:00+07:00,4048.855,4049.325,4048.695,4049.095,2610
2026-07-24T05:12:00+07:00,4048.945,4049.355,4048.945,4049.105,2250
2026-07-24T05:13:00+07:00,4048.925,4049.105,4048.715,4048.785,2430
2026-07-24T05:14:00+07:00,4048.865,4049.025,4048.615,4048.615,2520
2026-07-24T05:15:00+07:00,4048.565,4049.395,4048.565,4049.345,2790
2026-07-24T05:16:00+07:00,4049.255,4049.675,4049.055,4049.415,3870
2026-07-24T05:17:00+07:00,4049.435,4049.495,4049.005,4049.145,2610
2026-07-24T05:18:00+07:00,4049.105,4049.505,4049.055,4049.415,1800
2026-07-24T05:19:00+07:00,4049.495,4049.655,4049.065,4049.335,2790
2026-07-24T05:20:00+07:00,4049.305,4049.335,4048.965,4049.165,1170
2026-07-24T05:21:00+07:00,4049.205,4049.875,4049.205,4049.675,2520
2026-07-24T05:22:00+07:00,4049.625,4049.725,4049.205,4049.555,3060
2026-07-24T05:23:00+07:00,4049.575,4049.805,4049.415,4049.605,4500
2026-07-24T05:24:00+07:00,4049.575,4050.045,4048.875,4049.545,5520
2026-07-24T05:25:00+07:00,4049.545,4049.845,4049.375,4049.615,5940
2026-07-24T05:26:00+07:00,4049.675,4049.775,4049.145,4049.265,5400
2026-07-24T05:27:00+07:00,4049.235,4049.555,4049.055,4049.295,6840
2026-07-24T05:28:00+07:00,4049.325,4049.325,4048.995,4049.125,4950
2026-07-24T05:29:00+07:00,4049.175,4049.975,4049.115,4049.805,5670
2026-07-24T05:30:00+07:00,4049.755,4049.925,4049.375,4049.635,5400
2026-07-24T05:31:00+07:00,4049.655,4049.945,4048.695,4049.775,4800
2026-07-24T05:32:00+07:00,4049.835,4050.445,4048.915,4049.965,7500
2026-07-24T05:33:00+07:00,4049.995,4049.995,4049.505,4049.625,6750
2026-07-24T05:34:00+07:00,4049.635,4050.035,4049.425,4049.855,8010
2026-07-24T05:35:00+07:00,4049.725,4049.815,4049.375,4049.535,5940
2026-07-24T05:36:00+07:00,4049.725,4049.735,4049.495,4049.665,5130
2026-07-24T05:37:00+07:00,4049.605,4049.755,4049.355,4049.585,5490
2026-07-24T05:38:00+07:00,4049.465,4050.155,4049.465,4049.755,5400
2026-07-24T05:39:00+07:00,4049.775,4049.905,4049.495,4049.505,6030
2026-07-24T05:40:00+07:00,4049.595,4049.765,4049.345,4049.345,2700
2026-07-24T05:41:00+07:00,4049.385,4049.805,4049.085,4049.675,5040
2026-07-24T05:42:00+07:00,4049.475,4050.175,4049.035,4049.575,8370
2026-07-24T05:43:00+07:00,4049.365,4049.925,4048.505,4048.705,6750
2026-07-24T05:44:00+07:00,4048.795,4049.195,4048.615,4049.165,2610
2026-07-24T05:45:00+07:00,4049.195,4049.335,4048.935,4049.265,2610
2026-07-24T05:46:00+07:00,4049.225,4049.795,4049.225,4049.625,7920
2026-07-24T05:47:00+07:00,4049.655,4049.725,4048.925,4049.415,4500
2026-07-24T05:48:00+07:00,4049.335,4049.645,4048.585,4049.515,4590
2026-07-24T05:49:00+07:00,4049.545,4049.665,4048.255,4048.475,3870
2026-07-24T05:50:00+07:00,4048.455,4050.455,4048.405,4049.685,10170
2026-07-24T05:51:00+07:00,4049.725,4049.785,4049.135,4049.465,6660
2026-07-24T05:52:00+07:00,4049.515,4049.855,4049.485,4049.635,3780
2026-07-24T05:53:00+07:00,4049.665,4049.805,4049.635,4049.715,1440
2026-07-24T05:54:00+07:00,4049.775,4049.875,4049.655,4049.695,2790
2026-07-24T05:55:00+07:00,4049.715,4049.925,4049.645,4049.905,4290
2026-07-24T05:56:00+07:00,4049.885,4049.975,4049.555,4049.635,2010
2026-07-24T05:57:00+07:00,4050.105,4050.105,4048.285,4048.825,10170
2026-07-24T05:58:00+07:00,4048.785,4049.045,4048.575,4048.845,2010
2026-07-24T05:59:00+07:00,4048.805,4048.905,4048.685,4048.905,960
2026-07-24T06:00:00+07:00,4048.895,4048.905,4048.745,4048.805,2520
2026-07-24T06:01:00+07:00,4048.835,4049.165,4048.755,4048.835,2280
2026-07-24T06:02:00+07:00,4048.835,4049.045,4048.595,4048.745,3120
2026-07-24T06:03:00+07:00,4048.705,4048.705,4048.105,4048.385,3720
2026-07-24T06:04:00+07:00,4048.515,4048.585,4047.985,4048.125,2160
2026-07-24T06:05:00+07:00,4048.195,4048.455,4048.195,4048.265,3000
2026-07-24T06:06:00+07:00,4048.265,4048.305,4048.055,4048.055,1560
2026-07-24T06:07:00+07:00,4047.705,4047.855,4047.315,4047.365,3960
2026-07-24T06:08:00+07:00,4047.165,4047.535,4047.005,4047.325,5040
2026-07-24T06:09:00+07:00,4047.255,4047.815,4047.255,4047.625,3000
2026-07-24T06:10:00+07:00,4047.625,4048.425,4047.545,4047.975,5520
2026-07-24T06:11:00+07:00,4048.075,4048.075,4047.225,4047.425,6480
2026-07-24T06:12:00+07:00,4047.415,4047.465,4047.195,4047.355,5730
2026-07-24T06:13:00+07:00,4047.255,4047.615,4047.175,4047.615,2580
2026-07-24T06:14:00+07:00,4047.645,4048.445,4047.115,4048.165,9000
2026-07-24T06:15:00+07:00,4048.195,4049.095,4048.155,4048.515,7110
2026-07-24T06:16:00+07:00,4048.555,4048.725,4048.365,4048.515,6870
2026-07-24T06:17:00+07:00,4048.535,4048.555,4047.665,4048.135,7500
2026-07-24T06:18:00+07:00,4048.195,4048.365,4047.795,4047.875,6810
2026-07-24T06:19:00+07:00,4047.795,4047.825,4046.775,4047.115,8640
2026-07-24T06:20:00+07:00,4047.055,4048.165,4046.895,4047.945,8130
2026-07-24T06:21:00+07:00,4047.915,4048.625,4047.765,4048.485,7890
2026-07-24T06:22:00+07:00,4048.525,4048.795,4048.175,4048.795,5610
2026-07-24T06:23:00+07:00,4048.785,4048.805,4048.255,4048.305,8640
2026-07-24T06:24:00+07:00,4048.305,4048.955,4048.285,4048.935,5820
2026-07-24T06:25:00+07:00,4048.935,4049.785,4048.935,4049.425,10140
2026-07-24T06:26:00+07:00,4049.405,4049.515,4048.905,4048.945,5760
2026-07-24T06:27:00+07:00,4048.975,4049.035,4048.585,4048.925,6000
2026-07-24T06:28:00+07:00,4048.925,4049.565,4048.685,4048.865,7170
2026-07-24T06:29:00+07:00,4048.835,4049.155,4048.585,4048.885,7860
2026-07-24T06:30:00+07:00,4048.755,4049.605,4048.755,4049.175,12690
2026-07-24T06:31:00+07:00,4049.195,4049.315,4048.915,4049.275,7290
2026-07-24T06:32:00+07:00,4049.255,4050.155,4049.175,4049.385,11730
2026-07-24T06:33:00+07:00,4049.355,4050.315,4049.325,4049.925,12990
2026-07-24T06:34:00+07:00,4050.015,4050.845,4049.485,4050.575,18000
2026-07-24T06:35:00+07:00,4050.515,4050.515,4048.695,4048.915,11250
2026-07-24T06:36:00+07:00,4048.875,4049.135,4048.405,4048.525,6210
2026-07-24T06:37:00+07:00,4048.475,4049.215,4048.325,4049.015,6240
2026-07-24T06:38:00+07:00,4049.035,4049.935,4048.605,4049.275,10620
2026-07-24T06:39:00+07:00,4049.335,4049.415,4048.045,4048.075,14970
2026-07-24T06:40:00+07:00,4048.175,4048.245,4046.705,4047.165,23220
2026-07-24T06:41:00+07:00,4047.425,4048.175,4047.125,4047.835,13020
2026-07-24T06:42:00+07:00,4047.785,4047.935,4046.985,4047.615,15060
2026-07-24T06:43:00+07:00,4047.645,4047.675,4047.135,4047.305,7140
2026-07-24T06:44:00+07:00,4047.485,4048.325,4047.265,4047.945,11880
2026-07-24T06:45:00+07:00,4048.005,4048.445,4046.775,4047.055,35880
2026-07-24T06:46:00+07:00,4046.975,4047.795,4046.605,4046.995,12720
2026-07-24T06:47:00+07:00,4046.895,4047.895,4046.815,4047.575,15540
2026-07-24T06:48:00+07:00,4047.595,4049.455,4047.465,4049.355,12960
2026-07-24T06:49:00+07:00,4049.365,4049.395,4048.255,4048.365,10320
2026-07-24T06:50:00+07:00,4048.325,4048.645,4047.635,4047.815,11400
2026-07-24T06:51:00+07:00,4047.775,4048.055,4047.625,4047.845,9960
2026-07-24T06:52:00+07:00,4048.075,4048.665,4047.815,4048.385,13890
2026-07-24T06:53:00+07:00,4048.365,4049.425,4048.165,4048.325,14010
2026-07-24T06:54:00+07:00,4048.305,4048.325,4046.835,4047.295,14520
2026-07-24T06:55:00+07:00,4047.255,4047.985,4046.685,4047.415,16860
2026-07-24T06:56:00+07:00,4047.475,4047.735,4047.025,4047.485,13890
2026-07-24T06:57:00+07:00,4047.565,4048.155,4047.485,4047.825,15720
2026-07-24T06:58:00+07:00,4047.865,4047.945,4047.585,4047.845,17850
2026-07-24T06:59:00+07:00,4047.765,4047.875,4046.285,4046.765,24750
2026-07-24T07:00:00+07:00,4046.725,4049.355,4046.605,4048.155,45510
2026-07-24T07:01:00+07:00,4048.275,4049.275,4047.815,4048.955,33540
2026-07-24T07:02:00+07:00,4048.905,4049.815,4047.865,4048.725,34560
2026-07-24T07:03:00+07:00,4048.755,4049.405,4048.175,4048.645,28290
2026-07-24T07:04:00+07:00,4048.405,4048.645,4046.835,4047.015,26940
2026-07-24T07:05:00+07:00,4047.105,4047.355,4045.625,4046.625,31410
2026-07-24T07:06:00+07:00,4046.605,4046.775,4045.445,4045.925,36150
2026-07-24T07:07:00+07:00,4045.865,4045.865,4044.605,4045.515,28680
2026-07-24T07:08:00+07:00,4045.505,4045.815,4044.765,4045.085,22830
2026-07-24T07:09:00+07:00,4044.985,4046.535,4044.665,4045.385,22650
2026-07-24T07:10:00+07:00,4045.425,4046.305,4043.595,4044.025,29940
2026-07-24T07:11:00+07:00,4043.995,4044.365,4043.265,4043.455,25500
2026-07-24T07:12:00+07:00,4043.495,4044.145,4042.885,4043.755,27510
2026-07-24T07:13:00+07:00,4043.885,4044.055,4043.025,4043.425,24390
2026-07-24T07:14:00+07:00,4043.385,4043.455,4041.015,4041.425,29190
2026-07-24T07:15:00+07:00,4041.385,4042.175,4041.125,4041.335,28590
2026-07-24T07:16:00+07:00,4041.425,4043.755,4041.295,4043.715,28410
2026-07-24T07:17:00+07:00,4043.685,4043.795,4042.255,4042.865,23790
2026-07-24T07:18:00+07:00,4042.845,4044.895,4042.845,4044.405,21960
2026-07-24T07:19:00+07:00,4044.445,4044.825,4042.725,4042.925,21540
2026-07-24T07:20:00+07:00,4042.945,4043.935,4042.645,4043.935,19770
2026-07-24T07:21:00+07:00,4044.065,4045.735,4043.025,4044.985,32760
2026-07-24T07:22:00+07:00,4044.795,4045.965,4044.455,4045.875,30240
2026-07-24T07:23:00+07:00,4045.605,4047.765,4045.565,4046.645,33900
2026-07-24T07:24:00+07:00,4046.665,4047.065,4045.805,4045.845,27240
2026-07-24T07:25:00+07:00,4045.875,4046.585,4045.085,4045.315,26490
2026-07-24T07:26:00+07:00,4045.275,4045.465,4044.685,4045.005,30060
2026-07-24T07:27:00+07:00,4044.925,4045.575,4043.715,4044.785,30270
2026-07-24T07:28:00+07:00,4044.805,4045.445,4044.175,4044.605,31050
2026-07-24T07:29:00+07:00,4044.555,4046.475,4044.555,4046.335,31020
2026-07-24T07:30:00+07:00,4046.355,4046.965,4045.885,4046.015,34920
2026-07-24T07:31:00+07:00,4046.045,4046.765,4045.575,4046.375,27840
2026-07-24T07:32:00+07:00,4046.305,4046.355,4045.435,4046.195,25560
2026-07-24T07:33:00+07:00,4046.175,4047.065,4045.925,4046.855,24180
2026-07-24T07:34:00+07:00,4046.885,4046.925,4044.635,4045.895,21000
2026-07-24T07:35:00+07:00,4045.915,4046.375,4045.085,4045.535,20580
2026-07-24T07:36:00+07:00,4045.575,4048.095,4045.525,4047.785,27960
2026-07-24T07:37:00+07:00,4048.025,4049.335,4047.445,4048.825,25650
2026-07-24T07:38:00+07:00,4048.795,4049.505,4048.575,4048.955,21600
2026-07-24T07:39:00+07:00,4049.015,4049.615,4048.155,4048.165,22710
2026-07-24T07:40:00+07:00,4048.185,4048.865,4047.825,4048.255,22500
2026-07-24T07:41:00+07:00,4048.285,4048.735,4047.475,4047.775,24720
2026-07-24T07:42:00+07:00,4047.795,4049.265,4047.485,4049.145,18240
2026-07-24T07:43:00+07:00,4049.105,4050.085,4048.925,4049.405,23160
2026-07-24T07:44:00+07:00,4049.445,4049.945,4048.715,4049.125,23250
2026-07-24T07:45:00+07:00,4049.195,4049.625,4048.745,4049.345,21390
2026-07-24T07:46:00+07:00,4049.225,4049.795,4048.665,4049.475,23100
2026-07-24T07:47:00+07:00,4049.285,4050.635,4049.225,4049.795,21270
2026-07-24T07:48:00+07:00,4049.745,4049.845,4049.315,4049.495,16620
2026-07-24T07:49:00+07:00,4049.535,4049.545,4048.525,4048.595,15570
2026-07-24T07:50:00+07:00,4048.545,4049.485,4048.425,4049.465,17640
2026-07-24T07:51:00+07:00,4049.425,4050.015,4048.695,4048.765,20670
2026-07-24T07:52:00+07:00,4048.575,4049.215,4048.315,4049.165,16980
2026-07-24T07:53:00+07:00,4049.195,4049.245,4048.435,4048.535,19080
2026-07-24T07:54:00+07:00,4048.445,4049.015,4048.185,4048.885,21210
2026-07-24T07:55:00+07:00,4048.825,4049.585,4048.455,4049.315,20340
2026-07-24T07:56:00+07:00,4049.295,4049.855,4048.695,4049.815,16800
2026-07-24T07:57:00+07:00,4049.865,4049.935,4049.215,4049.825,24540
2026-07-24T07:58:00+07:00,4049.845,4050.745,4049.085,4049.435,31320
2026-07-24T07:59:00+07:00,4049.415,4050.795,4049.125,4049.715,34380
2026-07-24T08:00:00+07:00,4049.525,4049.845,4046.185,4047.155,44040
2026-07-24T08:01:00+07:00,4047.235,4047.995,4042.525,4044.635,54360
2026-07-24T08:02:00+07:00,4044.615,4044.705,4040.995,4042.405,53730
2026-07-24T08:03:00+07:00,4042.445,4043.145,4041.295,4041.485,45450
2026-07-24T08:04:00+07:00,4041.545,4044.365,4039.475,4043.825,52800
2026-07-24T08:05:00+07:00,4043.815,4044.605,4043.065,4043.415,36780
2026-07-24T08:06:00+07:00,4043.445,4044.235,4041.535,4042.685,39210
2026-07-24T08:07:00+07:00,4042.735,4043.675,4041.915,4042.515,43800
2026-07-24T08:08:00+07:00,4042.485,4043.815,4041.685,4043.465,39210
2026-07-24T08:09:00+07:00,4043.485,4043.885,4042.225,4042.865,41580
2026-07-24T08:10:00+07:00,4042.885,4044.655,4041.975,4042.005,46950
2026-07-24T08:11:00+07:00,4041.995,4043.145,4041.085,4041.345,35880
2026-07-24T08:12:00+07:00,4041.325,4041.725,4040.095,4041.725,58020
2026-07-24T08:13:00+07:00,4041.755,4041.755,4040.975,4041.315,38040
2026-07-24T08:14:00+07:00,4041.295,4042.325,4041.145,4042.195,42780
2026-07-24T08:15:00+07:00,4042.145,4043.345,4041.135,4042.835,36780
2026-07-24T08:16:00+07:00,4042.885,4045.675,4042.485,4043.325,48720
2026-07-24T08:17:00+07:00,4043.345,4044.235,4042.945,4043.265,42240
2026-07-24T08:18:00+07:00,4043.175,4044.175,4042.525,4043.975,34530
2026-07-24T08:19:00+07:00,4043.935,4044.875,4043.905,4044.535,34500
2026-07-24T08:20:00+07:00,4044.395,4044.555,4042.565,4043.685,33840
2026-07-24T08:21:00+07:00,4043.655,4043.885,4041.865,4042.035,38400
2026-07-24T08:22:00+07:00,4041.995,4043.575,4041.755,4042.385,45300
2026-07-24T08:23:00+07:00,4042.385,4043.865,4041.905,4043.665,30600
2026-07-24T08:24:00+07:00,4043.665,4045.265,4043.235,4044.715,34860
2026-07-24T08:25:00+07:00,4044.785,4045.405,4044.335,4045.105,37980
2026-07-24T08:26:00+07:00,4045.105,4045.585,4043.335,4043.385,43140
2026-07-24T08:27:00+07:00,4043.375,4045.455,4043.355,4045.045,30360
2026-07-24T08:28:00+07:00,4045.015,4045.035,4043.565,4043.615,25440
2026-07-24T08:29:00+07:00,4043.575,4044.025,4042.415,4042.415,28800
2026-07-24T08:30:00+07:00,4042.415,4042.935,4041.305,4041.915,39060
2026-07-24T08:31:00+07:00,4041.825,4043.575,4041.225,4041.575,40800
2026-07-24T08:32:00+07:00,4041.575,4042.725,4041.525,4042.235,33300
2026-07-24T08:33:00+07:00,4042.155,4044.895,4041.785,4044.375,32400
2026-07-24T08:34:00+07:00,4044.345,4044.545,4043.425,4043.595,37380
2026-07-24T08:35:00+07:00,4043.615,4043.985,4041.815,4042.365,43380
2026-07-24T08:36:00+07:00,4042.345,4043.295,4042.095,4043.185,32160
2026-07-24T08:37:00+07:00,4043.205,4044.185,4042.425,4043.275,34200
2026-07-24T08:38:00+07:00,4043.205,4044.935,4042.835,4044.295,36480
2026-07-24T08:39:00+07:00,4044.325,4044.615,4042.955,4043.205,32400
2026-07-24T08:40:00+07:00,4043.225,4044.855,4043.115,4044.545,36060
2026-07-24T08:41:00+07:00,4044.565,4045.995,4044.315,4045.635,41040
2026-07-24T08:42:00+07:00,4045.685,4047.525,4045.325,4046.945,47430
2026-07-24T08:43:00+07:00,4046.945,4047.585,4046.525,4047.265,37380
2026-07-24T08:44:00+07:00,4047.265,4050.435,4047.245,4049.585,53070
2026-07-24T08:45:00+07:00,4049.575,4049.635,4048.555,4049.095,38040
2026-07-24T08:46:00+07:00,4049.125,4049.865,4048.765,4048.865,45750
2026-07-24T08:47:00+07:00,4048.975,4048.975,4047.705,4048.005,38220
2026-07-24T08:48:00+07:00,4048.065,4048.315,4047.605,4048.135,26340
2026-07-24T08:49:00+07:00,4048.155,4048.765,4047.575,4047.605,29160
2026-07-24T08:50:00+07:00,4047.655,4047.655,4045.495,4045.945,41610
2026-07-24T08:51:00+07:00,4045.865,4046.475,4045.315,4045.965,31080
2026-07-24T08:52:00+07:00,4045.945,4047.315,4044.695,4046.925,32040
2026-07-24T08:53:00+07:00,4046.955,4047.455,4045.135,4045.565,35520
2026-07-24T08:54:00+07:00,4045.625,4046.625,4045.245,4045.695,30120
2026-07-24T08:55:00+07:00,4045.665,4046.205,4044.115,4044.685,36780
2026-07-24T08:56:00+07:00,4044.645,4044.935,4044.125,4044.275,31080
2026-07-24T08:57:00+07:00,4044.125,4044.405,4042.205,4043.295,39840
2026-07-24T08:58:00+07:00,4042.965,4043.205,4041.095,4042.215,32700
2026-07-24T08:59:00+07:00,4042.185,4043.625,4042.065,4043.375,27480
2026-07-24T09:00:00+07:00,4043.345,4044.455,4042.985,4043.895,45300
2026-07-24T09:01:00+07:00,4043.825,4045.005,4043.175,4044.885,31080
2026-07-24T09:02:00+07:00,4044.835,4044.955,4043.895,4044.725,35400
2026-07-24T09:03:00+07:00,4044.725,4044.935,4043.975,4044.475,31320
2026-07-24T09:04:00+07:00,4044.545,4044.915,4042.065,4042.285,33180
2026-07-24T09:05:00+07:00,4042.285,4042.905,4040.735,4042.155,40620
2026-07-24T09:06:00+07:00,4042.225,4043.255,4041.775,4042.735,32880
2026-07-24T09:07:00+07:00,4042.645,4044.015,4042.415,4043.745,28620
2026-07-24T09:08:00+07:00,4043.795,4043.865,4042.605,4042.955,27780
2026-07-24T09:09:00+07:00,4042.895,4044.505,4042.625,4044.455,26340
2026-07-24T09:10:00+07:00,4044.505,4045.365,4043.625,4044.305,38160
2026-07-24T09:11:00+07:00,4044.195,4045.255,4043.665,4044.445,33480
2026-07-24T09:12:00+07:00,4044.455,4045.165,4044.245,4044.535,28620
2026-07-24T09:13:00+07:00,4044.555,4045.415,4044.425,4045.035,28980
2026-07-24T09:14:00+07:00,4044.995,4045.675,4044.755,4045.525,30270
2026-07-24T09:15:00+07:00,4045.495,4045.575,4044.265,4045.115,27480
2026-07-24T09:16:00+07:00,4045.175,4045.475,4044.815,4044.875,19020
2026-07-24T09:17:00+07:00,4044.915,4045.865,4044.555,4045.075,19440
2026-07-24T09:18:00+07:00,4045.145,4045.255,4044.675,4044.865,20340
2026-07-24T09:19:00+07:00,4045.035,4045.515,4044.585,4044.725,11460
2026-07-24T09:20:00+07:00,4044.705,4045.285,4044.045,4045.165,20700
2026-07-24T09:21:00+07:00,4045.285,4045.355,4043.715,4043.925,20100
2026-07-24T09:22:00+07:00,4043.965,4044.085,4042.515,4042.635,20160
2026-07-24T09:23:00+07:00,4042.625,4045.105,4042.435,4044.785,25650
2026-07-24T09:24:00+07:00,4044.755,4046.055,4044.485,4045.965,20940
2026-07-24T09:25:00+07:00,4045.925,4046.375,4045.665,4045.825,17190
2026-07-24T09:26:00+07:00,4045.805,4046.095,4045.425,4046.065,12060
2026-07-24T09:27:00+07:00,4046.175,4047.655,4045.965,4047.605,19200
2026-07-24T09:28:00+07:00,4047.545,4048.305,4046.385,4046.385,23820
2026-07-24T09:29:00+07:00,4046.415,4046.475,4045.865,4046.145,22140
2026-07-24T09:30:00+07:00,4046.075,4047.135,4044.735,4046.355,44040
2026-07-24T09:31:00+07:00,4046.385,4047.915,4045.665,4047.155,38040
2026-07-24T09:32:00+07:00,4047.125,4047.565,4045.675,4046.545,33300
2026-07-24T09:33:00+07:00,4046.535,4046.635,4043.965,4044.425,30780
2026-07-24T09:34:00+07:00,4044.455,4044.465,4043.345,4043.945,30420
2026-07-24T09:35:00+07:00,4043.925,4044.605,4043.345,4043.965,25770
2026-07-24T09:36:00+07:00,4043.965,4044.275,4042.605,4042.905,30600
2026-07-24T09:37:00+07:00,4042.965,4043.515,4041.865,4042.655,38400
2026-07-24T09:38:00+07:00,4042.605,4042.825,4042.045,4042.045,25080
2026-07-24T09:39:00+07:00,4041.905,4042.345,4041.055,4042.185,45270
2026-07-24T09:40:00+07:00,4042.135,4043.685,4042.015,4042.775,32640
2026-07-24T09:41:00+07:00,4042.705,4043.345,4041.555,4042.205,31590
2026-07-24T09:42:00+07:00,4042.255,4042.995,4041.225,4041.525,27360
2026-07-24T09:43:00+07:00,4041.595,4041.945,4041.175,4041.745,30660
2026-07-24T09:44:00+07:00,4041.695,4041.925,4041.125,4041.475,21900
2026-07-24T09:45:00+07:00,4041.435,4041.784,4040.055,4040.225,38670
2026-07-24T09:46:00+07:00,4040.215,4041.555,4039.935,4040.725,35310
2026-07-24T09:47:00+07:00,4040.875,4041.075,4035.075,4035.165,36930
2026-07-24T09:48:00+07:00,4035.255,4037.405,4027.995,4030.115,64830
2026-07-24T09:49:00+07:00,4030.315,4031.425,4026.115,4026.325,65190
2026-07-24T09:50:00+07:00,4026.265,4030.345,4025.345,4029.095,68010
2026-07-24T09:51:00+07:00,4028.945,4030.025,4027.475,4028.815,59760
2026-07-24T09:52:00+07:00,4028.795,4029.045,4026.545,4028.445,54540
2026-07-24T09:53:00+07:00,4028.495,4029.975,4027.555,4028.515,55110
2026-07-24T09:54:00+07:00,4028.495,4028.835,4025.295,4025.305,49170
2026-07-24T09:55:00+07:00,4025.245,4026.525,4023.745,4023.955,58410
2026-07-24T09:56:00+07:00,4023.925,4026.985,4023.835,4025.835,48570
2026-07-24T09:57:00+07:00,4025.815,4027.305,4025.405,4025.885,40440
2026-07-24T09:58:00+07:00,4025.785,4026.305,4022.995,4024.195,55050
2026-07-24T09:59:00+07:00,4024.165,4024.695,4022.755,4024.305,46680
2026-07-24T10:00:00+07:00,4024.255,4025.345,4022.845,4025.275,40920
2026-07-24T10:01:00+07:00,4025.235,4025.525,4023.115,4023.655,38130
2026-07-24T10:02:00+07:00,4023.515,4024.765,4023.125,4024.075,42300
2026-07-24T10:03:00+07:00,4023.995,4025.715,4022.985,4025.285,39840
2026-07-24T10:04:00+07:00,4025.285,4027.115,4025.215,4026.465,36600
2026-07-24T10:05:00+07:00,4026.485,4027.755,4026.305,4027.465,28320
2026-07-24T10:06:00+07:00,4027.425,4028.575,4026.625,4027.255,25320
2026-07-24T10:07:00+07:00,4027.205,4028.045,4026.665,4027.565,32910
2026-07-24T10:08:00+07:00,4027.585,4028.675,4027.185,4028.135,37170
2026-07-24T10:09:00+07:00,4028.255,4028.255,4026.275,4026.565,31410
2026-07-24T10:10:00+07:00,4026.585,4027.675,4026.005,4026.625,29280
2026-07-24T10:11:00+07:00,4026.585,4027.995,4025.705,4027.995,28500
2026-07-24T10:12:00+07:00,4028.085,4030.125,4028.085,4030.035,32670
2026-07-24T10:13:00+07:00,4029.915,4032.195,4029.915,4030.845,35580
2026-07-24T10:14:00+07:00,4030.795,4031.945,4030.755,4031.555,31620
2026-07-24T10:15:00+07:00,4031.535,4033.295,4031.195,4032.065,38490
2026-07-24T10:16:00+07:00,4032.145,4032.585,4031.405,4031.875,33420
2026-07-24T10:17:00+07:00,4031.885,4032.385,4031.265,4031.645,26040
2026-07-24T10:18:00+07:00,4031.675,4032.085,4031.145,4031.185,26400
2026-07-24T10:19:00+07:00,4031.085,4031.635,4028.725,4028.945,38820
2026-07-24T10:20:00+07:00,4028.965,4029.105,4027.925,4028.835,35130
2026-07-24T10:21:00+07:00,4028.935,4031.065,4028.795,4031.015,36960
2026-07-24T10:22:00+07:00,4030.975,4031.565,4029.685,4029.845,31290
2026-07-24T10:23:00+07:00,4029.865,4030.045,4029.245,4029.525,26700
2026-07-24T10:24:00+07:00,4029.595,4030.735,4029.445,4030.005,25440
2026-07-24T10:25:00+07:00,4030.055,4030.875,4029.285,4030.085,30360
2026-07-24T10:26:00+07:00,4030.045,4030.075,4028.255,4029.535,29640
2026-07-24T10:27:00+07:00,4029.665,4030.645,4029.415,4030.375,25650
2026-07-24T10:28:00+07:00,4030.285,4030.465,4029.065,4029.145,20550
2026-07-24T10:29:00+07:00,4029.185,4030.205,4028.845,4030.165,16890
2026-07-24T10:30:00+07:00,4030.135,4032.865,4030.085,4032.575,19290
2026-07-24T10:31:00+07:00,4032.555,4032.795,4031.575,4032.395,23730
2026-07-24T10:32:00+07:00,4032.305,4032.305,4030.565,4030.985,22440
2026-07-24T10:33:00+07:00,4030.965,4031.645,4030.655,4030.965,20250
2026-07-24T10:34:00+07:00,4031.125,4032.085,4030.565,4031.765,27000
2026-07-24T10:35:00+07:00,4031.805,4032.675,4031.515,4032.595,29310
2026-07-24T10:36:00+07:00,4032.565,4032.565,4030.995,4031.385,16560
2026-07-24T10:37:00+07:00,4031.305,4031.765,4030.595,4031.365,18510
2026-07-24T10:38:00+07:00,4031.455,4032.035,4030.575,4031.845,22260
2026-07-24T10:39:00+07:00,4031.815,4032.575,4031.115,4031.235,18720
2026-07-24T10:40:00+07:00,4031.395,4032.535,4031.185,4032.525,23400
2026-07-24T10:41:00+07:00,4032.455,4032.505,4031.895,4032.035,17100
2026-07-24T10:42:00+07:00,4032.115,4032.535,4031.775,4032.265,16800
2026-07-24T10:43:00+07:00,4032.175,4032.335,4030.455,4030.925,19260
2026-07-24T10:44:00+07:00,4031.015,4031.855,4030.705,4031.405,15900
2026-07-24T10:45:00+07:00,4031.425,4031.425,4029.505,4029.885,28680
2026-07-24T10:46:00+07:00,4029.885,4030.865,4029.845,4030.545,20190
2026-07-24T10:47:00+07:00,4030.625,4031.195,4030.305,4030.695,12810
2026-07-24T10:48:00+07:00,4030.745,4031.425,4030.385,4031.305,15030
2026-07-24T10:49:00+07:00,4031.325,4031.825,4031.225,4031.225,10080
2026-07-24T10:50:00+07:00,4031.295,4031.435,4030.045,4030.125,17190
2026-07-24T10:51:00+07:00,4030.175,4031.995,4029.925,4031.365,20670
2026-07-24T10:52:00+07:00,4031.405,4031.735,4030.915,4030.965,21990
2026-07-24T10:53:00+07:00,4030.945,4031.065,4030.165,4030.555,17730
2026-07-24T10:54:00+07:00,4030.465,4030.775,4029.595,4029.655,16410
2026-07-24T10:55:00+07:00,4029.625,4029.655,4028.275,4028.655,20910
2026-07-24T10:56:00+07:00,4028.695,4028.935,4028.205,4028.555,17040
2026-07-24T10:57:00+07:00,4028.435,4028.845,4028.245,4028.845,14610
2026-07-24T10:58:00+07:00,4028.775,4029.015,4028.095,4028.945,14460
2026-07-24T10:59:00+07:00,4029.025,4029.755,4028.845,4029.045,25110
2026-07-24T11:00:00+07:00,4028.645,4029.485,4027.865,4028.505,20700
2026-07-24T11:01:00+07:00,4028.255,4028.725,4027.535,4027.945,16800
2026-07-24T11:02:00+07:00,4027.975,4029.175,4027.725,4028.925,18840
2026-07-24T11:03:00+07:00,4028.675,4029.425,4028.615,4029.285,10170
2026-07-24T11:04:00+07:00,4029.175,4029.425,4028.265,4028.955,21060
2026-07-24T11:05:00+07:00,4029.005,4030.135,4028.885,4029.015,28380
2026-07-24T11:06:00+07:00,4028.945,4029.805,4028.755,4028.905,17820
2026-07-24T11:07:00+07:00,4028.865,4029.115,4028.425,4029.095,22230
2026-07-24T11:08:00+07:00,4029.055,4029.105,4027.945,4028.105,19590
2026-07-24T11:09:00+07:00,4028.135,4029.315,4028.085,4028.975,18480
2026-07-24T11:10:00+07:00,4029.035,4029.035,4027.815,4027.945,12600
2026-07-24T11:11:00+07:00,4027.925,4028.005,4027.125,4027.315,18840
2026-07-24T11:12:00+07:00,4027.315,4028.545,4026.835,4028.235,19740
2026-07-24T11:13:00+07:00,4028.305,4028.815,4027.985,4028.165,16920
2026-07-24T11:14:00+07:00,4028.095,4028.575,4027.835,4027.905,15960
2026-07-24T11:15:00+07:00,4027.945,4028.695,4027.855,4028.385,12360
2026-07-24T11:16:00+07:00,4028.415,4028.655,4028.155,4028.395,13440
2026-07-24T11:17:00+07:00,4028.365,4028.365,4027.555,4028.035,15840
2026-07-24T11:18:00+07:00,4027.985,4028.155,4027.395,4027.655,19800
2026-07-24T11:19:00+07:00,4027.605,4028.395,4027.535,4028.195,14400
2026-07-24T11:20:00+07:00,4028.195,4028.705,4027.555,4028.285,21150
2026-07-24T11:21:00+07:00,4028.015,4028.865,4027.805,4028.775,14220
2026-07-24T11:22:00+07:00,4028.805,4029.315,4028.265,4029.245,19620
2026-07-24T11:23:00+07:00,4029.265,4029.595,4028.995,4029.455,11820
2026-07-24T11:24:00+07:00,4029.425,4029.785,4028.935,4029.195,21480
2026-07-24T11:25:00+07:00,4029.155,4029.625,4029.045,4029.405,15480
2026-07-24T11:26:00+07:00,4029.495,4030.085,4029.135,4029.645,14220
2026-07-24T11:27:00+07:00,4029.845,4030.105,4029.135,4029.335,26700
2026-07-24T11:28:00+07:00,4029.325,4030.025,4029.035,4029.165,14910
2026-07-24T11:29:00+07:00,4029.115,4029.765,4029.095,4029.565,17220
2026-07-24T11:30:00+07:00,4029.595,4030.065,4029.395,4029.765,18750
2026-07-24T11:31:00+07:00,4030.175,4030.175,4029.515,4029.815,14700
2026-07-24T11:32:00+07:00,4029.835,4029.955,4029.065,4029.065,19860
2026-07-24T11:33:00+07:00,4029.115,4029.225,4028.835,4029.035,13020
2026-07-24T11:34:00+07:00,4029.035,4029.035,4028.355,4028.595,11580
2026-07-24T11:35:00+07:00,4028.615,4029.845,4028.205,4028.275,15780
2026-07-24T11:36:00+07:00,4028.335,4028.505,4027.125,4027.235,15360
2026-07-24T11:37:00+07:00,4027.255,4027.765,4026.865,4027.415,16950
2026-07-24T11:38:00+07:00,4027.385,4027.495,4026.795,4027.205,12660
2026-07-24T11:39:00+07:00,4027.235,4027.515,4026.745,4027.185,13140
2026-07-24T11:40:00+07:00,4027.155,4027.355,4025.995,4026.435,20100
2026-07-24T11:41:00+07:00,4026.385,4026.715,4026.115,4026.385,13890
2026-07-24T11:42:00+07:00,4026.545,4026.775,4025.945,4026.685,16590
2026-07-24T11:43:00+07:00,4026.625,4026.925,4026.155,4026.155,9000
2026-07-24T11:44:00+07:00,4026.115,4027.105,4025.715,4026.625,16620
2026-07-24T11:45:00+07:00,4026.655,4026.835,4026.255,4026.625,18180
2026-07-24T11:46:00+07:00,4026.745,4026.815,4025.215,4025.805,19200
2026-07-24T11:47:00+07:00,4025.645,4026.135,4025.305,4025.675,13740
2026-07-24T11:48:00+07:00,4025.715,4027.085,4025.605,4027.005,16380
2026-07-24T11:49:00+07:00,4027.005,4027.065,4026.355,4026.675,12450
2026-07-24T11:50:00+07:00,4026.655,4027.055,4025.915,4025.965,18030
2026-07-24T11:51:00+07:00,4026.015,4026.225,4025.665,4025.925,9420
2026-07-24T11:52:00+07:00,4026.155,4026.665,4026.015,4026.465,15180
2026-07-24T11:53:00+07:00,4026.515,4026.945,4026.365,4026.885,12960
2026-07-24T11:54:00+07:00,4026.885,4027.085,4026.365,4026.365,12210
2026-07-24T11:55:00+07:00,4026.415,4026.945,4026.285,4026.455,14640
2026-07-24T11:56:00+07:00,4026.485,4027.025,4026.385,4026.845,12660
2026-07-24T11:57:00+07:00,4026.885,4028.745,4026.655,4028.085,22950
2026-07-24T11:58:00+07:00,4028.125,4028.445,4027.145,4027.175,18510
2026-07-24T11:59:00+07:00,4027.115,4027.875,4026.755,4026.805,15180
2026-07-24T12:00:00+07:00,4026.825,4027.805,4026.035,4026.285,27060
2026-07-24T12:01:00+07:00,4026.285,4026.955,4026.075,4026.425,15600
2026-07-24T12:02:00+07:00,4026.515,4026.515,4025.335,4025.445,18330
2026-07-24T12:03:00+07:00,4025.615,4027.705,4025.015,4027.525,30180
2026-07-24T12:04:00+07:00,4027.315,4028.465,4027.075,4028.375,22080
2026-07-24T12:05:00+07:00,4028.465,4029.565,4028.385,4029.245,20730
2026-07-24T12:06:00+07:00,4029.275,4029.695,4028.285,4028.585,26850
2026-07-24T12:07:00+07:00,4028.605,4028.895,4027.735,4027.825,25920
2026-07-24T12:08:00+07:00,4027.845,4027.945,4027.365,4027.845,14460
2026-07-24T12:09:00+07:00,4027.785,4029.195,4027.295,4028.835,29340
2026-07-24T12:10:00+07:00,4028.865,4032.025,4028.655,4031.285,26730
2026-07-24T12:11:00+07:00,4031.335,4031.945,4029.935,4030.115,24780
2026-07-24T12:12:00+07:00,4030.085,4030.285,4029.165,4029.725,23760
2026-07-24T12:13:00+07:00,4029.635,4030.335,4029.005,4029.465,22980
2026-07-24T12:14:00+07:00,4029.515,4029.655,4027.035,4027.335,32730
2026-07-24T12:15:00+07:00,4027.095,4027.475,4026.655,4026.965,21300
2026-07-24T12:16:00+07:00,4026.935,4027.145,4025.165,4026.115,24540
2026-07-24T12:17:00+07:00,4026.085,4026.645,4026.025,4026.415,17880
2026-07-24T12:18:00+07:00,4026.405,4026.955,4022.045,4022.605,34230
2026-07-24T12:19:00+07:00,4022.645,4024.245,4022.325,4024.055,30600
2026-07-24T12:20:00+07:00,4024.145,4024.845,4023.855,4024.445,27360
2026-07-24T12:21:00+07:00,4024.445,4026.345,4024.145,4026.335,28080
2026-07-24T12:22:00+07:00,4026.385,4027.885,4026.165,4027.305,20490
2026-07-24T12:23:00+07:00,4027.385,4029.655,4027.295,4029.195,22560
2026-07-24T12:24:00+07:00,4029.145,4029.725,4027.115,4027.155,24660
2026-07-24T12:25:00+07:00,4027.125,4027.225,4026.185,4026.985,19440
2026-07-24T12:26:00+07:00,4027.165,4027.505,4026.765,4027.115,15810
2026-07-24T12:27:00+07:00,4027.015,4027.435,4025.245,4025.325,16650
2026-07-24T12:28:00+07:00,4025.375,4026.395,4025.345,4025.625,17520
2026-07-24T12:29:00+07:00,4025.705,4026.105,4025.675,4025.955,8670
2026-07-24T12:30:00+07:00,4025.755,4028.865,4025.255,4027.625,38250
2026-07-24T12:31:00+07:00,4027.585,4029.095,4027.095,4028.705,30030
2026-07-24T12:32:00+07:00,4028.735,4029.305,4027.475,4029.055,41130
2026-07-24T12:33:00+07:00,4029.055,4029.455,4027.925,4028.815,37560
2026-07-24T12:34:00+07:00,4029.065,4031.475,4028.545,4031.185,48420
2026-07-24T12:35:00+07:00,4031.165,4031.485,4028.965,4029.695,44160
2026-07-24T12:36:00+07:00,4029.675,4030.195,4028.865,4028.945,37560
2026-07-24T12:37:00+07:00,4028.895,4029.015,4027.445,4027.865,35250
2026-07-24T12:38:00+07:00,4027.865,4028.445,4026.765,4027.335,36300
2026-07-24T12:39:00+07:00,4027.395,4027.395,4024.615,4025.915,38250
2026-07-24T12:40:00+07:00,4025.915,4026.615,4025.495,4025.535,34080
2026-07-24T12:41:00+07:00,4025.465,4028.025,4025.465,4027.985,31290
2026-07-24T12:42:00+07:00,4027.955,4028.325,4026.125,4026.895,36450
2026-07-24T12:43:00+07:00,4026.895,4026.895,4023.945,4025.585,34200
2026-07-24T12:44:00+07:00,4025.305,4025.875,4023.735,4024.445,37560
2026-07-24T12:45:00+07:00,4024.355,4027.355,4024.225,4027.105,32820
2026-07-24T12:46:00+07:00,4027.075,4027.765,4026.625,4026.685,29580
2026-07-24T12:47:00+07:00,4026.675,4028.795,4026.525,4028.345,32760
2026-07-24T12:48:00+07:00,4028.405,4028.775,4027.745,4028.135,24660
2026-07-24T12:49:00+07:00,4028.135,4028.245,4027.465,4027.775,14940
2026-07-24T12:50:00+07:00,4027.825,4029.065,4026.975,4026.975,29460
2026-07-24T12:51:00+07:00,4027.005,4027.565,4025.275,4025.375,34080
2026-07-24T12:52:00+07:00,4025.445,4025.445,4023.545,4024.965,44400
2026-07-24T12:53:00+07:00,4024.885,4025.095,4024.125,4024.355,36720
2026-07-24T12:54:00+07:00,4024.375,4025.245,4022.485,4023.375,36690
2026-07-24T12:55:00+07:00,4023.375,4023.375,4021.685,4022.095,43440
2026-07-24T12:56:00+07:00,4022.145,4023.825,4021.945,4022.975,38460
2026-07-24T12:57:00+07:00,4023.045,4023.195,4021.665,4022.495,42000
2026-07-24T12:58:00+07:00,4022.525,4022.585,4021.925,4022.255,31590
2026-07-24T12:59:00+07:00,4022.165,4022.865,4021.945,4022.725,25620
2026-07-24T13:00:00+07:00,4022.765,4024.715,4022.695,4024.445,36270
2026-07-24T13:01:00+07:00,4024.785,4025.295,4024.075,4024.565,23070
2026-07-24T13:02:00+07:00,4024.565,4025.635,4024.325,4025.585,34470
2026-07-24T13:03:00+07:00,4025.545,4025.675,4023.535,4023.755,25080
2026-07-24T13:04:00+07:00,4023.835,4025.675,4023.775,4025.075,31140
2026-07-24T13:05:00+07:00,4025.115,4025.995,4024.615,4025.025,38730
2026-07-24T13:06:00+07:00,4025.075,4026.015,4024.555,4025.975,34530
2026-07-24T13:07:00+07:00,4026.055,4026.405,4025.375,4025.975,26850
2026-07-24T13:08:00+07:00,4025.745,4027.065,4025.365,4026.975,31650
2026-07-24T13:09:00+07:00,4026.935,4027.445,4026.525,4027.135,24570
2026-07-24T13:10:00+07:00,4027.175,4028.305,4026.885,4027.505,27240
2026-07-24T13:11:00+07:00,4027.545,4027.825,4026.285,4027.565,23070
2026-07-24T13:12:00+07:00,4027.485,4030.415,4027.365,4030.415,30810
2026-07-24T13:13:00+07:00,4030.365,4031.335,4029.435,4030.225,27810
2026-07-24T13:14:00+07:00,4030.245,4031.195,4029.985,4030.725,22380
2026-07-24T13:15:00+07:00,4030.725,4031.145,4030.215,4030.535,24210
2026-07-24T13:16:00+07:00,4030.605,4030.835,4028.985,4030.295,25800
2026-07-24T13:17:00+07:00,4030.315,4030.705,4029.045,4030.135,23340
2026-07-24T13:18:00+07:00,4030.075,4030.185,4029.165,4030.185,18960
2026-07-24T13:19:00+07:00,4030.235,4033.955,4030.155,4033.925,28620
2026-07-24T13:20:00+07:00,4033.845,4035.625,4033.395,4035.085,34350
2026-07-24T13:21:00+07:00,4035.125,4036.425,4034.845,4035.095,24030
2026-07-24T13:22:00+07:00,4035.185,4035.615,4034.125,4035.605,25140
2026-07-24T13:23:00+07:00,4035.555,4036.065,4034.645,4036.025,25050
2026-07-24T13:24:00+07:00,4036.005,4036.865,4035.665,4036.045,34920
2026-07-24T13:25:00+07:00,4036.065,4037.635,4035.715,4036.945,33960
2026-07-24T13:26:00+07:00,4036.915,4038.955,4036.435,4038.885,22410
2026-07-24T13:27:00+07:00,4038.835,4038.835,4036.445,4036.445,22890
2026-07-24T13:28:00+07:00,4036.465,4036.465,4034.985,4035.505,24240
2026-07-24T13:29:00+07:00,4035.575,4036.645,4034.995,4036.535,23610
2026-07-24T13:30:00+07:00,4036.455,4036.545,4033.045,4033.425,24030
2026-07-24T13:31:00+07:00,4033.225,4035.165,4033.225,4034.845,23790
2026-07-24T13:32:00+07:00,4034.895,4035.455,4034.465,4034.965,24930
2026-07-24T13:33:00+07:00,4035.005,4035.605,4034.065,4034.845,18630
2026-07-24T13:34:00+07:00,4034.915,4034.985,4033.905,4034.425,18120
2026-07-24T13:35:00+07:00,4034.455,4036.045,4034.205,4034.915,22680
2026-07-24T13:36:00+07:00,4034.885,4035.615,4034.555,4035.525,20040
2026-07-24T13:37:00+07:00,4035.505,4036.065,4034.905,4035.345,25590
2026-07-24T13:38:00+07:00,4035.415,4037.205,4035.155,4035.555,32010
2026-07-24T13:39:00+07:00,4035.535,4036.015,4034.435,4035.285,30300
2026-07-24T13:40:00+07:00,4035.505,4035.745,4033.835,4034.615,28710
2026-07-24T13:41:00+07:00,4034.595,4035.895,4034.355,4035.605,25080
2026-07-24T13:42:00+07:00,4035.585,4036.605,4035.215,4035.335,21420
2026-07-24T13:43:00+07:00,4035.255,4035.475,4033.845,4034.145,21450
2026-07-24T13:44:00+07:00,4034.095,4034.155,4033.355,4033.665,20880
2026-07-24T13:45:00+07:00,4033.625,4036.835,4033.355,4036.325,28800
2026-07-24T13:46:00+07:00,4036.155,4036.715,4035.735,4035.755,21060
2026-07-24T13:47:00+07:00,4035.805,4036.235,4035.245,4036.095,21570
2026-07-24T13:48:00+07:00,4036.065,4036.115,4033.825,4034.345,21840
2026-07-24T13:49:00+07:00,4034.325,4034.755,4033.555,4033.775,18000
2026-07-24T13:50:00+07:00,4033.825,4034.375,4033.105,4034.145,21420
2026-07-24T13:51:00+07:00,4034.015,4034.395,4031.965,4032.515,26640
2026-07-24T13:52:00+07:00,4032.485,4032.975,4031.395,4031.885,24810
2026-07-24T13:53:00+07:00,4031.865,4033.465,4031.865,4033.345,23040
2026-07-24T13:54:00+07:00,4033.345,4035.645,4033.035,4035.235,25710
2026-07-24T13:55:00+07:00,4035.235,4036.605,4034.955,4036.315,29460
2026-07-24T13:56:00+07:00,4036.315,4037.105,4035.665,4036.925,25320
2026-07-24T13:57:00+07:00,4036.925,4037.105,4036.035,4036.195,26100
2026-07-24T13:58:00+07:00,4036.225,4037.745,4036.195,4037.305,33000
2026-07-24T13:59:00+07:00,4037.335,4038.535,4035.415,4035.535,35070
2026-07-24T14:00:00+07:00,4035.575,4038.225,4034.895,4038.045,34770
2026-07-24T14:01:00+07:00,4038.065,4038.305,4037.005,4037.545,33630
2026-07-24T14:02:00+07:00,4037.455,4039.235,4037.175,4039.045,37410
2026-07-24T14:03:00+07:00,4039.065,4039.085,4036.475,4038.225,38850
2026-07-24T14:04:00+07:00,4038.295,4040.235,4037.935,4038.235,32670
2026-07-24T14:05:00+07:00,4038.275,4040.315,4038.105,4039.585,36660
2026-07-24T14:06:00+07:00,4039.585,4042.335,4038.585,4041.775,37200
2026-07-24T14:07:00+07:00,4042.025,4042.365,4040.995,4041.965,33600
2026-07-24T14:08:00+07:00,4041.965,4043.325,4041.475,4043.325,25080
2026-07-24T14:09:00+07:00,4043.275,4045.675,4043.095,4045.555,42510
2026-07-24T14:10:00+07:00,4045.555,4047.225,4045.555,4046.255,41520
2026-07-24T14:11:00+07:00,4046.215,4046.215,4045.005,4045.095,32160
2026-07-24T14:12:00+07:00,4045.095,4046.765,4044.675,4045.915,31080
2026-07-24T14:13:00+07:00,4045.895,4046.895,4045.655,4046.485,30000
2026-07-24T14:14:00+07:00,4046.525,4046.545,4045.055,4045.285,34680
2026-07-24T14:15:00+07:00,4044.845,4045.985,4043.755,4044.665,46680
2026-07-24T14:16:00+07:00,4044.665,4045.785,4043.845,4045.555,32760
2026-07-24T14:17:00+07:00,4045.265,4045.585,4043.795,4045.255,28800
2026-07-24T14:18:00+07:00,4045.565,4046.055,4044.725,4045.845,34200
2026-07-24T14:19:00+07:00,4045.795,4047.545,4045.645,4047.235,37260
2026-07-24T14:20:00+07:00,4047.195,4047.825,4046.655,4047.105,25320
2026-07-24T14:21:00+07:00,4046.995,4048.875,4045.785,4048.875,31590
2026-07-24T14:22:00+07:00,4048.865,4048.945,4047.535,4048.705,27720
2026-07-24T14:23:00+07:00,4048.705,4048.705,4047.025,4047.115,27840
2026-07-24T14:24:00+07:00,4047.075,4048.725,4047.075,4047.975,24180
2026-07-24T14:25:00+07:00,4047.995,4049.475,4047.465,4049.475,30840
2026-07-24T14:26:00+07:00,4049.405,4049.925,4048.785,4048.885,26820
2026-07-24T14:27:00+07:00,4048.845,4050.685,4048.685,4049.925,30420
2026-07-24T14:28:00+07:00,4049.915,4050.455,4049.025,4050.145,25980
2026-07-24T14:29:00+07:00,4050.115,4050.115,4048.155,4048.605,20460
2026-07-24T14:30:00+07:00,4048.615,4050.035,4048.585,4049.925,32580
2026-07-24T14:31:00+07:00,4049.985,4051.375,4049.065,4049.065,35940
2026-07-24T14:32:00+07:00,4049.065,4049.765,4047.715,4048.555,32460
2026-07-24T14:33:00+07:00,4048.535,4050.965,4048.535,4050.625,29900
2026-07-24T14:34:00+07:00,4050.645,4053.485,4050.645,4053.485,39570
2026-07-24T14:35:00+07:00,4053.655,4053.655,4051.085,4051.085,29040
2026-07-24T14:36:00+07:00,4051.125,4051.745,4050.405,4050.585,27720
2026-07-24T14:37:00+07:00,4050.715,4050.735,4049.305,4049.415,17880
2026-07-24T14:38:00+07:00,4049.315,4049.835,4048.565,4048.565,22260
2026-07-24T14:39:00+07:00,4048.605,4048.605,4046.425,4046.695,29520
2026-07-24T14:40:00+07:00,4046.755,4047.725,4046.565,4047.175,22200
2026-07-24T14:41:00+07:00,4047.185,4047.345,4046.815,4046.955,18600
2026-07-24T14:42:00+07:00,4046.905,4047.155,4046.295,4046.495,24540
2026-07-24T14:43:00+07:00,4046.405,4046.545,4045.645,4046.495,19500
2026-07-24T14:44:00+07:00,4046.635,4048.615,4046.565,4048.285,24720
2026-07-24T14:45:00+07:00,4048.285,4048.365,4047.105,4047.775,22680
2026-07-24T14:46:00+07:00,4047.745,4048.255,4047.565,4047.795,21600
2026-07-24T14:47:00+07:00,4047.895,4048.115,4047.255,4047.705,18210
2026-07-24T14:48:00+07:00,4047.695,4047.855,4046.325,4046.635,21300
2026-07-24T14:49:00+07:00,4046.665,4047.465,4045.885,4047.215,31500
2026-07-24T14:50:00+07:00,4047.215,4048.195,4047.075,4047.145,28800
2026-07-24T14:51:00+07:00,4047.175,4047.755,4046.915,4047.355,19980
2026-07-24T14:52:00+07:00,4047.325,4047.905,4046.725,4046.995,25500
2026-07-24T14:53:00+07:00,4047.035,4048.555,4047.035,4047.645,22440
2026-07-24T14:54:00+07:00,4047.625,4048.235,4047.585,4047.665,16440
2026-07-24T14:55:00+07:00,4047.825,4048.865,4047.665,4048.305,21180
2026-07-24T14:56:00+07:00,4048.355,4048.765,4047.465,4048.035,18990
2026-07-24T14:57:00+07:00,4047.985,4049.565,4047.935,4049.175,19140
2026-07-24T14:58:00+07:00,4049.185,4049.295,4047.995,4048.165,15660
2026-07-24T14:59:00+07:00,4048.105,4048.765,4047.715,4048.205,21420
2026-07-24T15:00:00+07:00,4048.545,4048.725,4047.445,4048.455,27840
2026-07-24T15:01:00+07:00,4048.425,4048.955,4047.605,4047.915,26520
2026-07-24T15:02:00+07:00,4047.865,4048.175,4046.995,4047.045,25620
2026-07-24T15:03:00+07:00,4047.105,4047.265,4046.455,4046.855,24300
2026-07-24T15:04:00+07:00,4046.845,4047.445,4046.755,4047.225,20100
2026-07-24T15:05:00+07:00,4047.225,4047.295,4045.205,4045.355,30660
2026-07-24T15:06:00+07:00,4045.325,4046.085,4045.075,4045.575,24300
2026-07-24T15:07:00+07:00,4045.625,4046.595,4045.235,4046.345,22200
2026-07-24T15:08:00+07:00,4046.415,4047.275,4045.945,4046.725,28140
2026-07-24T15:09:00+07:00,4046.765,4047.735,4046.625,4047.315,24840
2026-07-24T15:10:00+07:00,4047.445,4047.655,4046.655,4046.905,25080
2026-07-24T15:11:00+07:00,4046.895,4047.545,4046.745,4046.915,27300
2026-07-24T15:12:00+07:00,4046.915,4046.975,4045.555,4045.935,19560
2026-07-24T15:13:00+07:00,4045.935,4046.665,4045.915,4046.285,21120
2026-07-24T15:14:00+07:00,4046.445,4047.135,4046.315,4046.685,21300
2026-07-24T15:15:00+07:00,4046.665,4046.715,4045.835,4046.225,24220
2026-07-24T15:16:00+07:00,4046.205,4047.465,4045.965,4047.425,16860
2026-07-24T15:17:00+07:00,4047.385,4047.765,4045.875,4045.895,23820
2026-07-24T15:18:00+07:00,4045.865,4046.755,4044.965,4044.975,23160
2026-07-24T15:19:00+07:00,4045.005,4046.775,4045.005,4046.565,18840
2026-07-24T15:20:00+07:00,4046.585,4047.415,4045.905,4047.405,28020
2026-07-24T15:21:00+07:00,4047.425,4047.925,4046.175,4046.565,23580
2026-07-24T15:22:00+07:00,4046.565,4047.775,4046.545,4047.325,24540
2026-07-24T15:23:00+07:00,4047.345,4047.925,4046.715,4046.955,19800
2026-07-24T15:24:00+07:00,4047.025,4047.415,4046.215,4046.655,17640
2026-07-24T15:25:00+07:00,4046.585,4046.865,4045.825,4046.665,16440
2026-07-24T15:26:00+07:00,4046.665,4048.665,4046.665,4048.205,27240
2026-07-24T15:27:00+07:00,4048.205,4049.285,4048.055,4048.665,18120
2026-07-24T15:28:00+07:00,4048.765,4049.175,4048.115,4048.445,26880
2026-07-24T15:29:00+07:00,4048.445,4052.485,4048.445,4052.355,37260
2026-07-24T15:30:00+07:00,4052.375,4052.375,4050.595,4051.925,30420
2026-07-24T15:31:00+07:00,4051.895,4052.085,4050.205,4050.925,28800
2026-07-24T15:32:00+07:00,4050.815,4050.985,4050.395,4050.535,23040
2026-07-24T15:33:00+07:00,4050.505,4051.545,4050.395,4051.285,25080
2026-07-24T15:34:00+07:00,4051.255,4051.355,4049.685,4049.685,21180
2026-07-24T15:35:00+07:00,4049.725,4050.185,4048.635,4049.455,20340
2026-07-24T15:36:00+07:00,4049.525,4052.055,4049.475,4051.635,25260
2026-07-24T15:37:00+07:00,4051.645,4052.065,4051.435,4051.665,18540
2026-07-24T15:38:00+07:00,4051.915,4052.435,4051.745,4051.845,20880
2026-07-24T15:39:00+07:00,4051.815,4052.855,4051.815,4052.465,24240
2026-07-24T15:40:00+07:00,4052.525,4053.745,4052.465,4053.595,25020
2026-07-24T15:41:00+07:00,4053.685,4053.835,4052.545,4053.235,25320
2026-07-24T15:42:00+07:00,4053.275,4054.615,4053.245,4054.555,18420
2026-07-24T15:43:00+07:00,4054.555,4055.185,4053.845,4055.156,27900
2026-07-24T15:44:00+07:00,4055.185,4055.345,4054.315,4054.355,22110
2026-07-24T15:45:00+07:00,4054.455,4054.755,4053.475,4053.475,31920
2026-07-24T15:46:00+07:00,4053.305,4053.415,4052.095,4053.235,27960
2026-07-24T15:47:00+07:00,4053.265,4053.835,4052.245,4052.475,22140
2026-07-24T15:48:00+07:00,4052.525,4053.065,4052.135,4053.065,20520
2026-07-24T15:49:00+07:00,4053.065,4054.755,4052.795,4054.575,16800
2026-07-24T15:50:00+07:00,4054.575,4055.435,4054.105,4054.545,26280
2026-07-24T15:51:00+07:00,4054.465,4056.095,4054.065,4055.885,24000
2026-07-24T15:52:00+07:00,4055.885,4056.335,4055.345,4056.325,25560
2026-07-24T15:53:00+07:00,4056.345,4056.945,4055.835,4056.135,22080
2026-07-24T15:54:00+07:00,4056.095,4056.355,4055.695,4056.135,16020
2026-07-24T15:55:00+07:00,4056.165,4056.815,4055.915,4056.515,21360
2026-07-24T15:56:00+07:00,4056.475,4057.435,4055.855,4056.705,18300
2026-07-24T15:57:00+07:00,4056.685,4056.905,4056.395,4056.825,18480
2026-07-24T15:58:00+07:00,4056.825,4056.995,4056.285,4056.405,18240
2026-07-24T15:59:00+07:00,4056.285,4058.565,4056.285,4057.375,31740
2026-07-24T16:00:00+07:00,4057.475,4058.875,4057.035,4058.845,26700
2026-07-24T16:01:00+07:00,4058.845,4059.205,4057.765,4058.825,27300
2026-07-24T16:02:00+07:00,4058.805,4060.615,4058.285,4059.515,30690
2026-07-24T16:03:00+07:00,4059.725,4059.725,4056.705,4057.975,30840
2026-07-24T16:04:00+07:00,4057.945,4057.945,4055.735,4056.445,23760
2026-07-24T16:05:00+07:00,4056.405,4056.455,4055.355,4055.355,19140
2026-07-24T16:06:00+07:00,4055.515,4056.135,4054.995,4055.605,25620
2026-07-24T16:07:00+07:00,4055.515,4056.415,4055.205,4056.415,32520
2026-07-24T16:08:00+07:00,4056.495,4056.495,4055.625,4056.125,19260
2026-07-24T16:09:00+07:00,4056.175,4057.345,4055.955,4057.345,22380
2026-07-24T16:10:00+07:00,4057.325,4057.675,4055.895,4055.895,24000
2026-07-24T16:11:00+07:00,4055.915,4056.445,4054.545,4054.675,25440
2026-07-24T16:12:00+07:00,4054.615,4054.755,4053.045,4053.555,27300
2026-07-24T16:13:00+07:00,4053.695,4054.295,4053.345,4054.125,14580
2026-07-24T16:14:00+07:00,4053.925,4054.115,4053.765,4053.965,11940
2026-07-24T16:15:00+07:00,4054.225,4054.355,4053.105,4053.215,16500
2026-07-24T16:16:00+07:00,4053.275,4054.515,4053.145,4054.495,10800
2026-07-24T16:17:00+07:00,4054.395,4055.185,4054.395,4054.485,18120
2026-07-24T16:18:00+07:00,4054.535,4056.535,4054.475,4054.475,23100
2026-07-24T16:19:00+07:00,4054.445,4055.535,4053.135,4054.865,18120
2026-07-24T16:20:00+07:00,4054.805,4055.055,4053.565,4054.005,22320
2026-07-24T16:21:00+07:00,4054.005,4054.425,4053.785,4054.395,19440
2026-07-24T16:22:00+07:00,4054.365,4054.415,4053.165,4053.495,18660
2026-07-24T16:23:00+07:00,4053.565,4055.045,4053.375,4054.865,17820
2026-07-24T16:24:00+07:00,4054.825,4054.945,4053.955,4054.485,20040
2026-07-24T16:25:00+07:00,4054.465,4055.605,4054.325,4055.225,17460
2026-07-24T16:26:00+07:00,4055.255,4055.855,4055.185,4055.275,15480
2026-07-24T16:27:00+07:00,4055.285,4055.465,4054.275,4054.715,20100
2026-07-24T16:28:00+07:00,4054.735,4054.935,4053.875,4054.305,18300
2026-07-24T16:29:00+07:00,4054.325,4054.495,4052.375,4052.715,21240
2026-07-24T16:30:00+07:00,4052.595,4053.155,4051.445,4052.285,22950
2026-07-24T16:31:00+07:00,4052.285,4052.845,4052.055,4052.255,19200
2026-07-24T16:32:00+07:00,4052.325,4053.335,4052.325,4052.925,16710
2026-07-24T16:33:00+07:00,4052.895,4053.985,4052.895,4053.875,22500
2026-07-24T16:34:00+07:00,4053.785,4054.345,4053.115,4053.685,17280
2026-07-24T16:35:00+07:00,4053.785,4054.285,4053.325,4053.415,16020
2026-07-24T16:36:00+07:00,4053.455,4054.525,4053.415,4053.875,10020
2026-07-24T16:37:00+07:00,4053.775,4054.605,4053.575,4054.515,15600
2026-07-24T16:38:00+07:00,4054.475,4054.945,4054.005,4054.355,16680
2026-07-24T16:39:00+07:00,4054.335,4054.845,4054.055,4054.785,13020
2026-07-24T16:40:00+07:00,4054.835,4054.995,4053.815,4054.505,18420
2026-07-24T16:41:00+07:00,4054.535,4055.155,4054.455,4055.115,11280
2026-07-24T16:42:00+07:00,4055.105,4056.225,4055.105,4055.635,16500
2026-07-24T16:43:00+07:00,4055.655,4055.735,4054.425,4054.425,14760
2026-07-24T16:44:00+07:00,4054.505,4055.815,4054.415,4055.565,15360
2026-07-24T16:45:00+07:00,4055.605,4056.035,4055.185,4055.365,18120
2026-07-24T16:46:00+07:00,4055.455,4055.545,4054.915,4055.045,12120
2026-07-24T16:47:00+07:00,4055.035,4055.705,4054.935,4055.335,16140
2026-07-24T16:48:00+07:00,4055.425,4055.495,4054.835,4055.115,12780
2026-07-24T16:49:00+07:00,4055.165,4055.615,4055.015,4055.055,13800
2026-07-24T16:50:00+07:00,4055.265,4055.435,4054.635,4054.735,16320
2026-07-24T16:51:00+07:00,4054.695,4054.975,4054.495,4054.745,11760
2026-07-24T16:52:00+07:00,4054.745,4056.985,4054.475,4056.975,16920
2026-07-24T16:53:00+07:00,4056.925,4058.205,4055.815,4058.055,22020
2026-07-24T16:54:00+07:00,4058.055,4058.165,4057.205,4058.065,17100
2026-07-24T16:55:00+07:00,4058.065,4058.665,4058.025,4058.515,19920
2026-07-24T16:56:00+07:00,4058.475,4059.135,4058.475,4059.045,12180
2026-07-24T16:57:00+07:00,4059.015,4059.035,4058.365,4058.855,9420
2026-07-24T16:58:00+07:00,4058.825,4059.365,4058.635,4059.275,10800
2026-07-24T16:59:00+07:00,4059.275,4059.655,4058.875,4059.655,13680
2026-07-24T17:00:00+07:00,4059.935,4060.095,4059.055,4059.345,15120
2026-07-24T17:01:00+07:00,4059.315,4059.435,4058.365,4059.075,14340
2026-07-24T17:02:00+07:00,4059.045,4059.965,4058.735,4059.365,13320
2026-07-24T17:03:00+07:00,4059.305,4060.135,4059.305,4059.905,8820
2026-07-24T17:04:00+07:00,4059.895,4061.405,4059.675,4059.695,12300
2026-07-24T17:05:00+07:00,4059.705,4060.015,4058.985,4059.685,12960
2026-07-24T17:06:00+07:00,4059.575,4059.975,4059.125,4059.355,15840
2026-07-24T17:07:00+07:00,4059.355,4059.405,4058.675,4058.875,13080
2026-07-24T17:08:00+07:00,4058.875,4059.765,4058.465,4059.325,12900
2026-07-24T17:09:00+07:00,4059.325,4060.295,4059.325,4060.135,10500
2026-07-24T17:10:00+07:00,4060.205,4060.395,4058.335,4058.835,11100
2026-07-24T17:11:00+07:00,4058.735,4059.315,4058.175,4059.065,13200
2026-07-24T17:12:00+07:00,4059.045,4059.225,4058.175,4058.175,14760
2026-07-24T17:13:00+07:00,4058.185,4058.845,4058.095,4058.095,7860
2026-07-24T17:14:00+07:00,4058.055,4058.675,4057.495,4057.925,10740
2026-07-24T17:15:00+07:00,4057.985,4058.895,4057.365,4058.895,11400
2026-07-24T17:16:00+07:00,4058.895,4059.675,4058.775,4059.355,9420
2026-07-24T17:17:00+07:00,4059.355,4061.175,4059.355,4060.425,11820
2026-07-24T17:18:00+07:00,4060.395,4061.715,4059.755,4060.165,16380
2026-07-24T17:19:00+07:00,4060.145,4060.255,4059.295,4059.415,10020
2026-07-24T17:20:00+07:00,4059.385,4059.615,4059.055,4059.615,12000
2026-07-24T17:21:00+07:00,4059.615,4059.775,4058.925,4059.095,8820
2026-07-24T17:22:00+07:00,4059.065,4060.465,4059.025,4060.455,10980
2026-07-24T17:23:00+07:00,4060.485,4061.055,4060.265,4060.745,11580
2026-07-24T17:24:00+07:00,4060.705,4060.965,4060.135,4060.135,7680
2026-07-24T17:25:00+07:00,4060.235,4060.235,4059.665,4059.725,13440
2026-07-24T17:26:00+07:00,4059.725,4061.425,4059.715,4060.515,11340
2026-07-24T17:27:00+07:00,4060.485,4063.385,4060.465,4063.115,15180
2026-07-24T17:28:00+07:00,4063.115,4063.545,4062.905,4063.135,16500
2026-07-24T17:29:00+07:00,4063.125,4063.425,4061.795,4061.795,12900
2026-07-24T17:30:00+07:00,4061.685,4063.565,4061.625,4063.565,11820
2026-07-24T17:31:00+07:00,4063.565,4063.715,4063.335,4063.465,9660
2026-07-24T17:32:00+07:00,4063.325,4063.325,4062.645,4063.195,8820
2026-07-24T17:33:00+07:00,4063.205,4063.745,4061.865,4062.125,10680
2026-07-24T17:34:00+07:00,4062.125,4062.145,4061.295,4061.495,12900
2026-07-24T17:35:00+07:00,4061.495,4061.605,4060.405,4061.125,13680
2026-07-24T17:36:00+07:00,4061.125,4061.285,4060.785,4061.035,8520
2026-07-24T17:37:00+07:00,4061.035,4061.525,4060.575,4061.295,12240
2026-07-24T17:38:00+07:00,4061.205,4061.305,4060.605,4060.705,9240
2026-07-24T17:39:00+07:00,4060.705,4060.815,4059.915,4059.915,9780
2026-07-24T17:40:00+07:00,4059.915,4059.915,4059.035,4059.295,12720
2026-07-24T17:41:00+07:00,4059.295,4059.635,4058.875,4059.335,10500
2026-07-24T17:42:00+07:00,4059.415,4059.605,4058.975,4059.045,13140
2026-07-24T17:43:00+07:00,4058.975,4059.245,4058.545,4058.885,12240
2026-07-24T17:44:00+07:00,4058.885,4058.965,4057.975,4058.225,10260
2026-07-24T17:45:00+07:00,4058.295,4058.995,4058.055,4058.805,10500
2026-07-24T17:46:00+07:00,4058.805,4058.805,4057.965,4058.205,11640
2026-07-24T17:47:00+07:00,4058.205,4059.055,4057.985,4058.835,10800
2026-07-24T17:48:00+07:00,4058.765,4058.765,4057.685,4057.885,11160
2026-07-24T17:49:00+07:00,4057.885,4058.875,4057.375,4058.705,12180
2026-07-24T17:50:00+07:00,4058.705,4059.125,4058.345,4058.835,15900
2026-07-24T17:51:00+07:00,4058.755,4059.285,4058.515,4059.155,12240
2026-07-24T17:52:00+07:00,4059.115,4059.285,4058.495,4058.865,13380
2026-07-24T17:53:00+07:00,4058.825,4059.285,4057.055,4057.075,16020
2026-07-24T17:54:00+07:00,4057.075,4058.625,4057.075,4057.665,12420
2026-07-24T17:55:00+07:00,4057.645,4058.485,4057.285,4058.485,16380
2026-07-24T17:56:00+07:00,4058.465,4058.695,4058.295,4058.615,9780
2026-07-24T17:57:00+07:00,4058.415,4059.425,4058.415,4059.415,9780
2026-07-24T17:58:00+07:00,4059.445,4060.045,4059.445,4060.005,14220
2026-07-24T17:59:00+07:00,4059.995,4060.145,4059.725,4059.955,14100
2026-07-24T18:00:00+07:00,4060.075,4060.125,4058.265,4058.655,25260
2026-07-24T18:01:00+07:00,4058.785,4060.835,4058.465,4060.815,26160
2026-07-24T18:02:00+07:00,4060.835,4061.165,4059.115,4059.345,15720
2026-07-24T18:03:00+07:00,4059.315,4062.605,4059.315,4062.455,16320
2026-07-24T18:04:00+07:00,4062.265,4062.565,4061.845,4062.125,15300
2026-07-24T18:05:00+07:00,4062.115,4063.285,4061.965,4062.615,13080
2026-07-24T18:06:00+07:00,4062.645,4062.645,4061.715,4061.915,11160
2026-07-24T18:07:00+07:00,4061.915,4062.425,4060.905,4061.235,12840
2026-07-24T18:08:00+07:00,4061.185,4061.585,4060.815,4061.025,10020
2026-07-24T18:09:00+07:00,4061.025,4061.115,4060.405,4060.855,9180
2026-07-24T18:10:00+07:00,4060.825,4060.855,4060.265,4060.455,4920
2026-07-24T18:11:00+07:00,4060.445,4060.785,4060.135,4060.695,4260
2026-07-24T18:12:00+07:00,4060.795,4060.795,4060.515,4060.615,3840
2026-07-24T18:13:00+07:00,4060.585,4060.695,4060.255,4060.545,8160
2026-07-24T18:14:00+07:00,4060.545,4061.145,4060.445,4061.095,7200
2026-07-24T18:15:00+07:00,4061.095,4061.685,4060.675,4061.455,10560
2026-07-24T18:16:00+07:00,4061.305,4061.465,4060.845,4061.215,9960
2026-07-24T18:17:00+07:00,4061.215,4061.645,4060.435,4060.565,11580
2026-07-24T18:18:00+07:00,4060.565,4060.765,4060.295,4060.625,8040
2026-07-24T18:19:00+07:00,4060.625,4061.415,4059.925,4061.175,10590
2026-07-24T18:20:00+07:00,4061.065,4061.065,4060.255,4060.515,11460
2026-07-24T18:21:00+07:00,4060.705,4060.705,4060.175,4060.525,10260
2026-07-24T18:22:00+07:00,4060.415,4060.655,4060.275,4060.365,6360
2026-07-24T18:23:00+07:00,4060.345,4061.575,4060.045,4061.575,7080
2026-07-24T18:24:00+07:00,4061.555,4061.795,4061.235,4061.295,8040
2026-07-24T18:25:00+07:00,4061.275,4061.505,4060.495,4060.535,9120
2026-07-24T18:26:00+07:00,4060.445,4060.475,4059.025,4059.145,9240
2026-07-24T18:27:00+07:00,4059.195,4059.645,4059.065,4059.405,12660
2026-07-24T18:28:00+07:00,4059.405,4059.965,4059.345,4059.615,8100
2026-07-24T18:29:00+07:00,4059.605,4059.605,4058.955,4058.995,5460
2026-07-24T18:30:00+07:00,4058.955,4059.345,4057.855,4058.495,14100
2026-07-24T18:31:00+07:00,4058.635,4059.215,4057.995,4058.555,15600
2026-07-24T18:32:00+07:00,4058.585,4060.105,4058.425,4059.935,14220
2026-07-24T18:33:00+07:00,4059.995,4060.245,4059.345,4059.635,11880
2026-07-24T18:34:00+07:00,4059.515,4060.215,4059.385,4059.615,15180
2026-07-24T18:35:00+07:00,4059.585,4059.755,4058.135,4058.265,14880
2026-07-24T18:36:00+07:00,4058.305,4059.805,4058.275,4059.725,17340
2026-07-24T18:37:00+07:00,4059.785,4059.785,4058.065,4058.265,14460
2026-07-24T18:38:00+07:00,4058.225,4058.505,4057.385,4057.525,13560
2026-07-24T18:39:00+07:00,4057.535,4057.615,4056.565,4056.965,13680
2026-07-24T18:40:00+07:00,4057.005,4057.155,4056.355,4056.845,15360
2026-07-24T18:41:00+07:00,4056.965,4057.735,4056.715,4057.045,13260
2026-07-24T18:42:00+07:00,4057.025,4057.095,4056.125,4056.315,10980
2026-07-24T18:43:00+07:00,4056.255,4056.575,4055.455,4055.555,12480
2026-07-24T18:44:00+07:00,4055.575,4056.005,4055.085,4055.125,11340
2026-07-24T18:45:00+07:00,4055.225,4056.585,4055.225,4056.425,15720
2026-07-24T18:46:00+07:00,4056.305,4056.605,4055.295,4055.395,13680
2026-07-24T18:47:00+07:00,4055.435,4055.495,4055.025,4055.225,14100
2026-07-24T18:48:00+07:00,4055.215,4055.465,4053.715,4054.125,12360
2026-07-24T18:49:00+07:00,4054.145,4055.075,4053.935,4055.045,14160
2026-07-24T18:50:00+07:00,4055.015,4055.065,4053.495,4054.265,14040
2026-07-24T18:51:00+07:00,4054.415,4054.455,4053.995,4054.115,8700
2026-07-24T18:52:00+07:00,4054.115,4054.115,4053.065,4053.325,11580
2026-07-24T18:53:00+07:00,4053.365,4053.385,4052.645,4052.725,8820
2026-07-24T18:54:00+07:00,4052.745,4052.985,4052.395,4052.505,10740
2026-07-24T18:55:00+07:00,4052.475,4052.795,4052.055,4052.475,11880
2026-07-24T18:56:00+07:00,4052.535,4052.945,4051.745,4051.815,11820
2026-07-24T18:57:00+07:00,4051.815,4052.065,4051.265,4051.345,18840
2026-07-24T18:58:00+07:00,4051.285,4057.945,4051.195,4057.535,31350
2026-07-24T18:59:00+07:00,4057.535,4061.455,4056.975,4057.545,46920
2026-07-24T19:00:00+07:00,4057.665,4058.355,4055.605,4056.925,43980
2026-07-24T19:01:00+07:00,4056.925,4056.925,4053.665,4053.735,30240
2026-07-24T19:02:00+07:00,4053.775,4054.225,4052.155,4053.075,21870
2026-07-24T19:03:00+07:00,4053.095,4054.485,4053.095,4054.215,19740
2026-07-24T19:04:00+07:00,4054.215,4054.985,4053.365,4053.925,23460
2026-07-24T19:05:00+07:00,4053.875,4053.945,4052.475,4053.865,20400
2026-07-24T19:06:00+07:00,4053.905,4055.315,4053.715,4054.665,24420
2026-07-24T19:07:00+07:00,4054.705,4055.785,4054.355,4055.685,21360
2026-07-24T19:08:00+07:00,4055.605,4056.155,4054.855,4056.155,20820
2026-07-24T19:09:00+07:00,4056.025,4058.315,4056.025,4056.805,23700
2026-07-24T19:10:00+07:00,4056.805,4056.805,4055.435,4055.935,16680
2026-07-24T19:11:00+07:00,4055.935,4057.245,4055.935,4056.065,17640
2026-07-24T19:12:00+07:00,4056.065,4056.915,4055.865,4055.975,17460
2026-07-24T19:13:00+07:00,4056.005,4056.235,4055.435,4055.575,13260
2026-07-24T19:14:00+07:00,4055.605,4056.985,4055.535,4056.405,18360
2026-07-24T19:15:00+07:00,4056.405,4056.795,4055.525,4056.115,20520
2026-07-24T19:16:00+07:00,4056.165,4057.545,4055.865,4057.085,19260
2026-07-24T19:17:00+07:00,4057.105,4057.205,4056.095,4056.675,13440
2026-07-24T19:18:00+07:00,4056.655,4057.355,4056.475,4056.755,15180
2026-07-24T19:19:00+07:00,4056.735,4057.325,4055.675,4056.695,19440
2026-07-24T19:20:00+07:00,4056.255,4056.255,4054.965,4055.775,21900
2026-07-24T19:21:00+07:00,4055.775,4056.225,4055.365,4055.465,17100
2026-07-24T19:22:00+07:00,4055.465,4055.895,4054.645,4055.635,16140
2026-07-24T19:23:00+07:00,4055.585,4057.805,4055.525,4057.465,18720
2026-07-24T19:24:00+07:00,4057.435,4058.265,4057.025,4058.195,19200
2026-07-24T19:25:00+07:00,4058.215,4059.685,4055.725,4058.095,33630
2026-07-24T19:26:00+07:00,4058.255,4058.255,4057.305,4057.745,19500
2026-07-24T19:27:00+07:00,4057.805,4060.065,4057.805,4059.305,21960
2026-07-24T19:28:00+07:00,4059.305,4059.545,4058.135,4059.145,17700
2026-07-24T19:29:00+07:00,4059.065,4059.865,4058.565,4059.445,12660
2026-07-24T19:30:00+07:00,4059.295,4059.425,4057.205,4058.685,26460
2026-07-24T19:31:00+07:00,4058.725,4058.725,4056.415,4056.415,22020
2026-07-24T19:32:00+07:00,4056.375,4057.505,4056.125,4056.865,16140
2026-07-24T19:33:00+07:00,4056.865,4057.795,4056.345,4057.425,14820
2026-07-24T19:34:00+07:00,4057.555,4059.065,4056.945,4056.945,21540
2026-07-24T19:35:00+07:00,4057.025,4058.075,4056.295,4058.035,18180
2026-07-24T19:36:00+07:00,4057.975,4058.015,4056.205,4056.685,17940
2026-07-24T19:37:00+07:00,4056.675,4057.235,4056.415,4056.755,14460
2026-07-24T19:38:00+07:00,4056.655,4056.655,4054.875,4055.555,19740
2026-07-24T19:39:00+07:00,4055.785,4056.725,4055.365,4055.535,17700
2026-07-24T19:40:00+07:00,4055.465,4056.715,4055.465,4055.805,19860
2026-07-24T19:41:00+07:00,4055.805,4055.805,4052.865,4052.985,23760
2026-07-24T19:42:00+07:00,4052.975,4053.175,4051.875,4052.775,22140
2026-07-24T19:43:00+07:00,4052.735,4053.415,4052.405,4053.175,21180
2026-07-24T19:44:00+07:00,4053.125,4055.405,4052.855,4054.895,22260
2026-07-24T19:45:00+07:00,4054.915,4056.145,4054.665,4055.655,19140
2026-07-24T19:46:00+07:00,4055.755,4056.215,4053.055,4053.315,17700
2026-07-24T19:47:00+07:00,4053.135,4053.145,4051.475,4052.215,20670
2026-07-24T19:48:00+07:00,4052.325,4053.645,4052.175,4053.465,21840
2026-07-24T19:49:00+07:00,4053.465,4054.015,4052.995,4054.015,12720
2026-07-24T19:50:00+07:00,4054.015,4054.585,4053.695,4053.875,14460
2026-07-24T19:51:00+07:00,4053.905,4055.295,4053.715,4054.515,20640
2026-07-24T19:52:00+07:00,4054.515,4054.885,4053.805,4054.755,18660
2026-07-24T19:53:00+07:00,4054.755,4055.545,4054.445,4054.985,15960
2026-07-24T19:54:00+07:00,4054.985,4055.145,4054.335,4055.005,9360
2026-07-24T19:55:00+07:00,4055.005,4055.265,4053.675,4053.775,12360
2026-07-24T19:56:00+07:00,4053.965,4054.095,4051.815,4051.825,17820
2026-07-24T19:57:00+07:00,4051.865,4052.625,4051.585,4052.135,18960
2026-07-24T19:58:00+07:00,4052.125,4053.355,4052.065,4053.005,18900
2026-07-24T19:59:00+07:00,4052.905,4055.985,4052.615,4055.985,19440
2026-07-24T20:00:00+07:00,4055.845,4058.285,4054.935,4055.715,40020
2026-07-24T20:01:00+07:00,4055.785,4056.155,4052.795,4052.805,30540
2026-07-24T20:02:00+07:00,4052.845,4054.475,4052.845,4053.985,27780
2026-07-24T20:03:00+07:00,4054.075,4054.455,4051.325,4053.025,29280
2026-07-24T20:04:00+07:00,4052.885,4053.545,4051.985,4052.065,27480
2026-07-24T20:05:00+07:00,4052.065,4052.925,4050.055,4050.325,28560
2026-07-24T20:06:00+07:00,4050.255,4050.355,4048.565,4048.815,32100
2026-07-24T20:07:00+07:00,4048.955,4048.955,4047.015,4047.755,30420
2026-07-24T20:08:00+07:00,4047.725,4047.725,4046.295,4047.375,30600
2026-07-24T20:09:00+07:00,4047.475,4047.585,4045.665,4046.345,28860
2026-07-24T20:10:00+07:00,4046.355,4047.075,4044.515,4047.075,31080
2026-07-24T20:11:00+07:00,4046.975,4047.025,4045.605,4046.805,28260
2026-07-24T20:12:00+07:00,4046.835,4049.335,4046.785,4049.145,32460
2026-07-24T20:13:00+07:00,4049.125,4049.605,4046.955,4047.685,25980
2026-07-24T20:14:00+07:00,4047.875,4048.405,4046.785,4048.075,24720
2026-07-24T20:15:00+07:00,4047.965,4048.325,4045.795,4046.235,26160
2026-07-24T20:16:00+07:00,4046.335,4046.915,4045.245,4045.975,26640
2026-07-24T20:17:00+07:00,4046.055,4046.675,4045.185,4046.335,22440
2026-07-24T20:18:00+07:00,4046.335,4046.365,4044.685,4044.945,19920
2026-07-24T20:19:00+07:00,4045.045,4046.085,4044.705,4046.085,22380
2026-07-24T20:20:00+07:00,4046.225,4047.445,4045.525,4046.075,28140
2026-07-24T20:21:00+07:00,4046.065,4048.045,4045.985,4047.895,27120
2026-07-24T20:22:00+07:00,4047.795,4049.285,4047.085,4047.385,23940
2026-07-24T20:23:00+07:00,4047.385,4047.905,4046.945,4047.635,16080
2026-07-24T20:24:00+07:00,4047.635,4047.805,4046.235,4046.745,25050
2026-07-24T20:25:00+07:00,4046.795,4048.175,4046.045,4046.485,23550
2026-07-24T20:26:00+07:00,4046.485,4046.945,4045.645,4046.945,18300
2026-07-24T20:27:00+07:00,4046.795,4048.355,4046.795,4048.035,22800
2026-07-24T20:28:00+07:00,4048.115,4048.385,4047.375,4047.655,19800
2026-07-24T20:29:00+07:00,4047.625,4048.185,4046.085,4046.185,25680
2026-07-24T20:30:00+07:00,4046.105,4047.475,4044.575,4046.515,49830
2026-07-24T20:31:00+07:00,4046.515,4049.955,4045.295,4049.435,45750
2026-07-24T20:32:00+07:00,4049.495,4050.215,4047.055,4047.385,45120
2026-07-24T20:33:00+07:00,4047.375,4050.055,4047.015,4049.885,40650
2026-07-24T20:34:00+07:00,4049.755,4050.065,4047.495,4049.215,38700
2026-07-24T20:35:00+07:00,4049.175,4051.995,4049.175,4051.865,45450
2026-07-24T20:36:00+07:00,4051.595,4051.925,4049.945,4051.445,42690
2026-07-24T20:37:00+07:00,4051.405,4055.285,4051.405,4054.465,47820
2026-07-24T20:38:00+07:00,4054.495,4055.945,4054.395,4055.655,37680
2026-07-24T20:39:00+07:00,4055.645,4056.705,4054.725,4055.995,38850
2026-07-24T20:40:00+07:00,4056.095,4056.455,4053.975,4054.105,48750
2026-07-24T20:41:00+07:00,4054.265,4054.985,4053.045,4053.935,46650
2026-07-24T20:42:00+07:00,4053.935,4054.035,4051.065,4052.015,28150
2026-07-24T20:43:00+07:00,4052.145,4053.045,4051.215,4051.475,9480
2026-07-24T20:44:00+07:00,4051.575,4052.145,4051.195,4051.615,8550
2026-07-24T20:45:00+07:00,4050.105,4052.605,4047.995,4052.495,19680
2026-07-24T20:46:00+07:00,4052.625,4055.615,4052.285,4055.555,19170
2026-07-24T20:47:00+07:00,4055.695,4056.285,4054.855,4055.845,32850
2026-07-24T20:48:00+07:00,4055.765,4059.665,4054.605,4059.555,47310
2026-07-24T20:49:00+07:00,4059.455,4060.805,4057.215,4058.175,44370
2026-07-24T20:50:00+07:00,4058.055,4059.635,4056.825,4058.485,48300
2026-07-24T20:51:00+07:00,4058.585,4058.885,4056.025,4056.025,46080
2026-07-24T20:52:00+07:00,4055.985,4058.165,4055.655,4058.055,42060
2026-07-24T20:53:00+07:00,4058.095,4058.585,4056.895,4057.605,37620
2026-07-24T20:54:00+07:00,4057.675,4060.935,4057.185,4059.505,44790
2026-07-24T20:55:00+07:00,4059.465,4059.595,4056.795,4057.825,40050
2026-07-24T20:56:00+07:00,4057.735,4060.275,4057.715,4059.505,42720
2026-07-24T20:57:00+07:00,4059.665,4059.695,4057.925,4059.445,22920
2026-07-24T20:58:00+07:00,4059.555,4066.505,4058.965,4066.505,20970
2026-07-24T20:59:00+07:00,4066.225,4068.365,4065.325,4066.915,21060
2026-07-24T21:00:00+07:00,4067.275,4069.825,4066.025,4069.825,31500
2026-07-24T21:01:00+07:00,4069.675,4069.675,4063.895,4065.495,23760
2026-07-24T21:02:00+07:00,4065.595,4067.645,4065.235,4066.265,33420
2026-07-24T21:03:00+07:00,4066.285,4067.565,4064.425,4064.805,37920
2026-07-24T21:04:00+07:00,4064.785,4065.185,4062.485,4062.505,40620
2026-07-24T21:05:00+07:00,4062.665,4064.585,4062.625,4063.405,49440
2026-07-24T21:06:00+07:00,4063.495,4063.835,4060.065,4060.285,46440
2026-07-24T21:07:00+07:00,4060.255,4060.405,4057.055,4058.015,51720
2026-07-24T21:08:00+07:00,4058.085,4060.345,4058.015,4058.855,44190
2026-07-24T21:09:00+07:00,4058.855,4062.465,4057.915,4062.215,45960
2026-07-24T21:10:00+07:00,4062.075,4063.675,4061.165,4061.895,42180
2026-07-24T21:11:00+07:00,4061.855,4061.925,4059.875,4061.285,34140
2026-07-24T21:12:00+07:00,4061.185,4061.725,4059.125,4059.175,35460
2026-07-24T21:13:00+07:00,4059.175,4061.405,4059.175,4060.085,35340
2026-07-24T21:14:00+07:00,4060.085,4061.845,4058.635,4058.655,37260
2026-07-24T21:15:00+07:00,4058.725,4060.195,4057.695,4058.455,39660
2026-07-24T21:16:00+07:00,4058.565,4059.225,4057.945,4058.505,36420
2026-07-24T21:17:00+07:00,4058.485,4058.485,4055.595,4057.275,39120
2026-07-24T21:18:00+07:00,4057.275,4057.695,4055.985,4056.945,33480
2026-07-24T21:19:00+07:00,4056.935,4058.235,4056.055,4057.975,37140
2026-07-24T21:20:00+07:00,4058.015,4058.785,4056.725,4058.735,40560
2026-07-24T21:21:00+07:00,4058.685,4061.225,4057.725,4060.705,39780
2026-07-24T21:22:00+07:00,4060.675,4061.845,4060.495,4061.805,42660
2026-07-24T21:23:00+07:00,4061.835,4063.375,4061.225,4062.205,40260
2026-07-24T21:24:00+07:00,4062.255,4064.725,4062.255,4064.635,40350
2026-07-24T21:25:00+07:00,4064.775,4066.825,4064.665,4066.135,49410
2026-07-24T21:26:00+07:00,4066.175,4069.175,4065.755,4068.295,47610
2026-07-24T21:27:00+07:00,4068.295,4068.435,4064.245,4065.475,47670
2026-07-24T21:28:00+07:00,4065.415,4065.845,4064.775,4065.365,40560
2026-07-24T21:29:00+07:00,4065.455,4066.555,4065.205,4065.955,33960
2026-07-24T21:30:00+07:00,4065.955,4067.065,4064.615,4065.555,42480
2026-07-24T21:31:00+07:00,4065.545,4066.875,4065.225,4066.635,42060
2026-07-24T21:32:00+07:00,4066.705,4067.535,4065.165,4066.545,34680
2026-07-24T21:33:00+07:00,4066.755,4068.045,4065.865,4065.865,36780
2026-07-24T21:34:00+07:00,4065.865,4065.935,4064.415,4064.465,30540
2026-07-24T21:35:00+07:00,4064.515,4066.715,4064.515,4066.055,34500
2026-07-24T21:36:00+07:00,4066.055,4066.265,4063.935,4064.155,35160
2026-07-24T21:37:00+07:00,4064.155,4064.165,4062.255,4062.435,33600
2026-07-24T21:38:00+07:00,4062.435,4063.225,4061.495,4061.575,34260
2026-07-24T21:39:00+07:00,4061.575,4062.515,4059.705,4060.485,32160
2026-07-24T21:40:00+07:00,4060.485,4061.165,4060.085,4061.125,38280
2026-07-24T21:41:00+07:00,4061.125,4062.335,4060.335,4061.905,36300
2026-07-24T21:42:00+07:00,4062.005,4062.005,4059.105,4059.765,35160
2026-07-24T21:43:00+07:00,4059.765,4061.965,4059.205,4061.645,32160
2026-07-24T21:44:00+07:00,4061.745,4062.225,4060.015,4060.165,43020
2026-07-24T21:45:00+07:00,4060.245,4060.795,4058.775,4058.885,36270
2026-07-24T21:46:00+07:00,4058.765,4061.385,4058.365,4061.385,30180
2026-07-24T21:47:00+07:00,4061.385,4061.775,4059.445,4059.505,36480
2026-07-24T21:48:00+07:00,4059.545,4061.225,4059.545,4060.445,32820
2026-07-24T21:49:00+07:00,4060.445,4063.575,4059.745,4062.905,39720
2026-07-24T21:50:00+07:00,4062.915,4064.775,4062.825,4063.835,35520
2026-07-24T21:51:00+07:00,4063.725,4063.865,4062.715,4063.345,32100
2026-07-24T21:52:00+07:00,4063.245,4063.375,4061.235,4061.345,34740
2026-07-24T21:53:00+07:00,4061.315,4062.365,4061.175,4061.325,28980
2026-07-24T21:54:00+07:00,4061.365,4061.975,4060.865,4061.505,27900
2026-07-24T21:55:00+07:00,4061.435,4062.045,4061.135,4061.485,31560
2026-07-24T21:56:00+07:00,4061.395,4064.155,4061.375,4064.065,34320
2026-07-24T21:57:00+07:00,4064.015,4066.395,4063.935,4065.565,37800
2026-07-24T21:58:00+07:00,4065.585,4065.585,4064.415,4064.835,34620
2026-07-24T21:59:00+07:00,4064.865,4065.025,4063.015,4063.185,34740
2026-07-24T22:00:00+07:00,4062.965,4063.915,4061.865,4063.895,42870
2026-07-24T22:01:00+07:00,4064.175,4065.555,4063.715,4065.555,34800
2026-07-24T22:02:00+07:00,4065.545,4067.035,4065.185,4065.645,40080
2026-07-24T22:03:00+07:00,4065.645,4066.115,4064.585,4064.645,32880
2026-07-24T22:04:00+07:00,4064.605,4064.765,4063.205,4063.705,27840
2026-07-24T22:05:00+07:00,4063.705,4064.505,4063.365,4064.435,26940
2026-07-24T22:06:00+07:00,4064.385,4064.385,4061.845,4061.945,29460
2026-07-24T22:07:00+07:00,4061.965,4062.615,4061.675,4062.095,27480
2026-07-24T22:08:00+07:00,4062.155,4063.035,4061.995,4062.555,24480
2026-07-24T22:09:00+07:00,4062.665,4063.735,4062.495,4063.095,23340
2026-07-24T22:10:00+07:00,4063.155,4072.015,4062.995,4070.545,35400
2026-07-24T22:11:00+07:00,4070.335,4074.665,4068.235,4068.995,55230
2026-07-24T22:12:00+07:00,4068.985,4070.475,4066.815,4067.145,50280
2026-07-24T22:13:00+07:00,4067.085,4069.775,4066.605,4069.425,47130
2026-07-24T22:14:00+07:00,4069.385,4076.345,4069.145,4074.415,51390
2026-07-24T22:15:00+07:00,4074.365,4079.525,4071.615,4078.425,57120
2026-07-24T22:16:00+07:00,4078.225,4079.515,4075.455,4077.205,52080
2026-07-24T22:17:00+07:00,4077.505,4079.775,4077.395,4078.655,51150
2026-07-24T22:18:00+07:00,4078.515,4080.075,4076.165,4078.825,53550
2026-07-24T22:19:00+07:00,4078.885,4081.325,4075.065,4076.945,52950
2026-07-24T22:20:00+07:00,4076.945,4081.895,4076.365,4081.425,46410
2026-07-24T22:21:00+07:00,4081.325,4081.645,4076.635,4077.005,47430
2026-07-24T22:22:00+07:00,4077.045,4077.185,4074.045,4074.045,41040
2026-07-24T22:23:00+07:00,4074.105,4074.785,4073.255,4074.345,38100
2026-07-24T22:24:00+07:00,4074.175,4074.965,4072.365,4073.725,39150
2026-07-24T22:25:00+07:00,4073.765,4075.515,4073.745,4074.185,33210
2026-07-24T22:26:00+07:00,4074.125,4074.345,4072.975,4072.975,31860
2026-07-24T22:27:00+07:00,4073.015,4074.505,4072.325,4073.785,40020
2026-07-24T22:28:00+07:00,4073.935,4076.975,4073.695,4075.545,38280
2026-07-24T22:29:00+07:00,4075.555,4075.555,4074.065,4074.845,42120
2026-07-24T22:30:00+07:00,4074.865,4075.515,4073.705,4073.935,44820
2026-07-24T22:31:00+07:00,4073.905,4076.495,4073.895,4076.405,33480
2026-07-24T22:32:00+07:00,4076.425,4076.625,4074.295,4075.045,31620
2026-07-24T22:33:00+07:00,4074.925,4076.095,4074.455,4075.065,30660
2026-07-24T22:34:00+07:00,4074.925,4075.655,4073.875,4073.915,29700
2026-07-24T22:35:00+07:00,4073.935,4074.955,4073.495,4073.865,33600
2026-07-24T22:36:00+07:00,4073.935,4075.625,4073.335,4075.565,35160
2026-07-24T22:37:00+07:00,4075.845,4078.015,4074.995,4077.825,36450
2026-07-24T22:38:00+07:00,4077.895,4078.745,4077.075,4077.515,35880
2026-07-24T22:39:00+07:00,4077.625,4078.625,4077.425,4077.675,27240
2026-07-24T22:40:00+07:00,4077.645,4079.415,4077.355,4079.045,28920
2026-07-24T22:41:00+07:00,4079.015,4079.035,4074.165,4076.275,38970
2026-07-24T22:42:00+07:00,4076.285,4076.535,4073.875,4073.895,33000
2026-07-24T22:43:00+07:00,4073.975,4074.665,4071.455,4072.395,32460
2026-07-24T22:44:00+07:00,4072.375,4073.475,4071.755,4071.825,31380
2026-07-24T22:45:00+07:00,4071.865,4073.275,4071.235,4072.205,34020
2026-07-24T22:46:00+07:00,4072.075,4072.565,4070.695,4070.695,25080
2026-07-24T22:47:00+07:00,4070.915,4072.875,4070.785,4071.245,27810
2026-07-24T22:48:00+07:00,4071.345,4072.575,4070.895,4072.155,23820
2026-07-24T22:49:00+07:00,4072.155,4072.855,4071.605,4072.725,24000
2026-07-24T22:50:00+07:00,4072.725,4074.145,4072.625,4073.515,30420
2026-07-24T22:51:00+07:00,4073.495,4074.315,4073.475,4073.845,20520
2026-07-24T22:52:00+07:00,4073.845,4075.145,4073.845,4074.305,26700
2026-07-24T22:53:00+07:00,4074.295,4075.735,4074.035,4075.505,30960
2026-07-24T22:54:00+07:00,4075.615,4076.035,4074.555,4075.125,25020
2026-07-24T22:55:00+07:00,4075.125,4076.905,4074.785,4075.835,28320
2026-07-24T22:56:00+07:00,4075.855,4076.705,4075.745,4076.365,25020
2026-07-24T22:57:00+07:00,4076.295,4076.325,4075.175,4075.855,23100
2026-07-24T22:58:00+07:00,4076.125,4076.915,4075.795,4076.425,21360
2026-07-24T22:59:00+07:00,4076.425,4077.735,4076.345,4077.175,25620
2026-07-24T23:00:00+07:00,4077.145,4077.305,4074.865,4075.405,29220
2026-07-24T23:01:00+07:00,4075.365,4076.865,4075.075,4076.825,24840
2026-07-24T23:02:00+07:00,4076.805,4077.045,4075.645,4075.865,25020
2026-07-24T23:03:00+07:00,4075.865,4076.695,4075.435,4075.965,19020
2026-07-24T23:04:00+07:00,4076.015,4077.265,4075.835,4076.425,20460
2026-07-24T23:05:00+07:00,4076.435,4076.685,4074.915,4074.915,25800
2026-07-24T23:06:00+07:00,4074.995,4075.815,4074.955,4075.325,19800
2026-07-24T23:07:00+07:00,4075.455,4076.565,4075.075,4076.055,22020
2026-07-24T23:08:00+07:00,4076.265,4077.335,4075.945,4076.755,23160
2026-07-24T23:09:00+07:00,4076.875,4077.035,4075.985,4075.985,12420
2026-07-24T23:10:00+07:00,4075.985,4076.985,4075.615,4075.655,20220
2026-07-24T23:11:00+07:00,4075.675,4076.825,4075.115,4075.375,20340
2026-07-24T23:12:00+07:00,4075.485,4076.365,4074.955,4075.185,21630
2026-07-24T23:13:00+07:00,4075.195,4075.295,4074.365,4074.605,18720
2026-07-24T23:14:00+07:00,4074.605,4075.195,4074.235,4074.605,17580
2026-07-24T23:15:00+07:00,4074.705,4075.705,4074.595,4075.245,27540
2026-07-24T23:16:00+07:00,4075.245,4075.345,4073.785,4074.005,21540
2026-07-24T23:17:00+07:00,4074.125,4074.595,4073.655,4074.335,17040
2026-07-24T23:18:00+07:00,4074.235,4075.675,4074.125,4074.965,19200
2026-07-24T23:19:00+07:00,4074.945,4075.085,4074.345,4074.575,15540
2026-07-24T23:20:00+07:00,4074.535,4074.865,4073.615,4074.815,18360
2026-07-24T23:21:00+07:00,4074.855,4075.115,4074.065,4075.085,18300
2026-07-24T23:22:00+07:00,4075.185,4075.185,4074.235,4075.105,11460
2026-07-24T23:23:00+07:00,4075.105,4076.365,4074.855,4076.125,21840
2026-07-24T23:24:00+07:00,4076.115,4077.455,4076.115,4077.265,19680
2026-07-24T23:25:00+07:00,4077.265,4077.495,4076.755,4077.365,20520
2026-07-24T23:26:00+07:00,4077.325,4078.035,4076.995,4077.645,20640
2026-07-24T23:27:00+07:00,4077.545,4077.775,4076.445,4076.605,17040
2026-07-24T23:28:00+07:00,4076.615,4076.655,4073.375,4073.965,26580
2026-07-24T23:29:00+07:00,4073.965,4074.405,4073.475,4073.475,16020
2026-07-24T23:30:00+07:00,4073.555,4073.765,4070.075,4070.745,30480
2026-07-24T23:31:00+07:00,4071.095,4072.705,4071.095,4072.495,28230
2026-07-24T23:32:00+07:00,4072.565,4072.665,4071.625,4072.055,21000
2026-07-24T23:33:00+07:00,4072.025,4072.855,4071.525,4071.805,19860
2026-07-24T23:34:00+07:00,4071.845,4072.465,4071.695,4072.215,15240
2026-07-24T23:35:00+07:00,4071.965,4072.215,4070.865,4070.905,15540
2026-07-24T23:36:00+07:00,4070.825,4071.585,4070.245,4070.325,21300
2026-07-24T23:37:00+07:00,4070.345,4070.345,4068.955,4070.135,19740
2026-07-24T23:38:00+07:00,4070.125,4070.165,4067.325,4067.885,27660
2026-07-24T23:39:00+07:00,4067.895,4068.695,4067.435,4067.795,22260
2026-07-24T23:40:00+07:00,4067.805,4068.015,4067.295,4067.425,22380
2026-07-24T23:41:00+07:00,4067.275,4067.695,4066.485,4067.435,25080
2026-07-24T23:42:00+07:00,4067.505,4067.675,4066.665,4067.085,19800
2026-07-24T23:43:00+07:00,4067.125,4068.785,4066.885,4067.565,20700
2026-07-24T23:44:00+07:00,4067.565,4067.655,4066.855,4067.515,17460
2026-07-24T23:45:00+07:00,4067.495,4067.575,4065.885,4065.945,24660
2026-07-24T23:46:00+07:00,4065.895,4067.225,4065.815,4067.205,14460
2026-07-24T23:47:00+07:00,4067.215,4067.525,4065.185,4065.865,37380
2026-07-24T23:48:00+07:00,4065.735,4065.765,4064.025,4064.545,24180
2026-07-24T23:49:00+07:00,4064.455,4065.105,4064.175,4065.105,19020
2026-07-24T23:50:00+07:00,4065.135,4065.135,4064.125,4064.705,18600
2026-07-24T23:51:00+07:00,4064.845,4065.265,4063.895,4064.895,16800
2026-07-24T23:52:00+07:00,4064.965,4065.255,4064.405,4064.405,17640
2026-07-24T23:53:00+07:00,4064.485,4064.755,4064.025,4064.245,18060
2026-07-24T23:54:00+07:00,4064.275,4065.795,4064.205,4065.605,18060
2026-07-24T23:55:00+07:00,4065.555,4066.515,4065.235,4065.985,24780
2026-07-24T23:56:00+07:00,4066.045,4066.595,4065.535,4066.005,19740
2026-07-24T23:57:00+07:00,4065.955,4067.145,4065.905,4067.055,18840
2026-07-24T23:58:00+07:00,4067.065,4067.145,4066.325,4067.075,13680
2026-07-24T23:59:00+07:00,4067.045,4067.565,4066.715,4066.855,16620